套餐编码,套餐名称,创建时间,套餐状态,套餐规格,套餐颜色,套餐颜色代码,套餐规格,套餐规格代码,商品SKU,商品货号,商品名称,颜色,颜色代码,规格,规格代码,标准价,数量,总价
100127102,50度500ML光瓶乳玻双瓶,"2020-07-08 15:02:24",启用,100127102,通色,1,度数,1,"1001271	","1001271	",50度500ML光瓶乳玻,"通色	","1	","度数	","1	",1.00,2,2.00
100125002,50度500ML古井贡酒第六代双瓶,"2020-07-08 15:02:24",启用,100125002,通色,1,度数,1,"1001250	","1001250	",50度500ML古井贡酒第六代,"通色	","1	","度数	","1	",1.00,2,2.00
100119202,55度500ML古井贡酒第六代双瓶,"2020-07-08 15:02:24",启用,100119202,通色,1,度数,1,"1001192	","1001192	",55度500ML古井贡酒第六代,"通色	","1	","度数	","1	",1.00,2,2.00
100127106,50度500ML光瓶乳玻整箱,"2020-07-08 15:02:24",启用,100127106,通色,1,度数,1,"1001271	","1001271	",50度500ML光瓶乳玻,"通色	","1	","度数	","1	",1.00,6,6.00
100125006,50度500ML古井贡酒第六代整箱,"2020-07-08 15:02:24",启用,100125006,通色,1,度数,1,"1001250	","1001250	",50度500ML古井贡酒第六代,"通色	","1	","度数	","1	",1.00,6,6.00
100119206,55度500ML古井贡酒第六代整箱,"2020-07-08 15:02:24",启用,100119206,通色,1,度数,1,"1001192	","1001192	",55度500ML古井贡酒第六代,"通色	","1	","度数	","1	",1.00,6,6.00
100058001100122701100119501100077004,42度130ml小子手提+50度小神红款手提装100ml*6瓶+72度100ml小神手提*6瓶+37度（-）亳菊500ml*4瓶,"2020-07-03 10:17:40",启用,100058001100122701100119501100077004,通色,1,度数,1,"1000580	","1000580	",42度130ML小子贺岁版手提装酒,"通色	","1	","度数	","1	",1.00,1,7.00
100058001100122701100119501100077004,42度130ml小子手提+50度小神红款手提装100ml*6瓶+72度100ml小神手提*6瓶+37度（-）亳菊500ml*4瓶,"2020-07-03 10:17:40",启用,100058001100122701100119501100077004,通色,1,度数,1,"1001227	","1001227	",50度100ML小神-红款手提装,"通色	","1	","度数	","1	",1.00,1,7.00
100058001100122701100119501100077004,42度130ml小子手提+50度小神红款手提装100ml*6瓶+72度100ml小神手提*6瓶+37度（-）亳菊500ml*4瓶,"2020-07-03 10:17:40",启用,100058001100122701100119501100077004,通色,1,度数,1,"1001195	","1001195	",72度100ML小神黑款手提装,"通色	","1	","度数	","1	",1.00,1,7.00
100058001100122701100119501100077004,42度130ml小子手提+50度小神红款手提装100ml*6瓶+72度100ml小神手提*6瓶+37度（-）亳菊500ml*4瓶,"2020-07-03 10:17:40",启用,100058001100122701100119501100077004,通色,1,度数,1,"1000770	","1000770	",37度500ML三十七（-）亳菊酒4瓶装,"通色	","1	","度数	","1	",1.00,4,7.00
100058001100122701,42度130ml小子手提+50度小神红款手提装100ml*6瓶,"2020-07-03 10:17:40",启用,100058001100122701,通色,1,度数,1,"1000580	","1000580	",42度130ML小子贺岁版手提装酒,"通色	","1	","度数	","1	",1.00,1,2.00
100058001100122701,42度130ml小子手提+50度小神红款手提装100ml*6瓶,"2020-07-03 10:17:40",启用,100058001100122701,通色,1,度数,1,"1001227	","1001227	",50度100ML小神-红款手提装,"通色	","1	","度数	","1	",1.00,1,2.00
100057802,42度130ML小子黑色卡盒2瓶,"2020-07-01 08:34:18",启用,100057802,通色,1,度数,1,"1000578	","1000578	",42度130ML古井小子酒卡盒装,"通色	","1	","度数	","1	",1.00,2,2.00
100122702,0度小神红款手提装2提,"2020-07-01 07:56:44",启用,100122702,通色,1,度数,1,"1001227	","1001227	",50度100ML小神-红款手提装,"通色	","1	","度数	","1	",1.00,2,2.00
100119501100122701,72度小神手提100ml*6瓶+50度小神红款手提装100ml*6瓶,"2020-06-30 14:22:09",启用,100119501100122701,通色,1,度数,1,"1001195	","1001195	",72度100ML小神黑款手提装,"通色	","1	","度数	","1	",1.00,1,2.00
100119501100122701,72度小神手提100ml*6瓶+50度小神红款手提装100ml*6瓶,"2020-06-30 14:22:09",启用,100119501100122701,通色,1,度数,1,"1001227	","1001227	",50度100ML小神-红款手提装,"通色	","1	","度数	","1	",1.00,1,2.00
H1808006H1807906,H6整箱+H9整箱,"2020-06-29 15:28:04",启用,H1808006H1807906,通色,1,度数,1,"H18080	","H18080	",53度500ML清香型黄鹤楼酒经典H6,"通色	","1	","度数	","1	",1194.00,6,17928.00
H1808006H1807906,H6整箱+H9整箱,"2020-06-29 15:28:04",启用,H1808006H1807906,通色,1,度数,1,"H18079	","H18079	",53度500ML清香型黄鹤楼酒经典H9,"通色	","1	","度数	","1	",1794.00,6,17928.00
H1901401H1906301,52度500ml汉清酒单瓶+45度500ml汉汾酒单瓶,"2020-06-29 15:28:04",启用,H1901401H1906301,通色,1,度数,1,"H19014	","H19014	",52°500ml黄鹤楼汉清酒,"通色	","1	","度数	","1	",59.00,1,137.00
H1901401H1906301,52度500ml汉清酒单瓶+45度500ml汉汾酒单瓶,"2020-06-29 15:28:04",启用,H1901401H1906301,通色,1,度数,1,"H19063	","H19063	",45度500ML黄鹤楼汉汾酒,"通色	","1	","度数	","1	",78.00,1,137.00
H030201,79小酒+89小酒+陈香优选小酒+陈香特选小酒,"2020-06-23 10:02:25",启用,H030201,通色,1,度数,1,"H12032	","H12032	",42°100ml陈香1989小酒,"通色	","1	","度数	","1	",1.00,1,4.00
H030201,79小酒+89小酒+陈香优选小酒+陈香特选小酒,"2020-06-23 10:02:25",启用,H030201,通色,1,度数,1,"H12030	","H12030	",42°100ml陈香1979小酒,"通色	","1	","度数	","1	",1.00,1,4.00
H030201,79小酒+89小酒+陈香优选小酒+陈香特选小酒,"2020-06-23 10:02:25",启用,H030201,通色,1,度数,1,"H12002	","H12002	",42°100ml陈香特选小酒,"通色	","1	","度数	","1	",1.00,1,4.00
H030201,79小酒+89小酒+陈香优选小酒+陈香特选小酒,"2020-06-23 10:02:25",启用,H030201,通色,1,度数,1,"H12003	","H12003	",42°100ml陈香优选小酒,"通色	","1	","度数	","1	",1.00,1,4.00
100105501100116801100118901,37度亳菊125ml*1瓶+小子100ml*1瓶+小神100ml*1瓶,"2020-06-20 17:27:17",启用,100105501100116801100118901,通色,1,度数,1,"1001055	","1001055	",37度125ML三十七度亳菊酒,"通色	","1	","度数	","1	",1.00,1,3.00
100105501100116801100118901,37度亳菊125ml*1瓶+小子100ml*1瓶+小神100ml*1瓶,"2020-06-20 17:27:17",启用,100105501100116801100118901,通色,1,度数,1,"1001168	","1001168	",42度100ML小子光瓶装,"通色	","1	","度数	","1	",1.00,1,3.00
100105501100116801100118901,37度亳菊125ml*1瓶+小子100ml*1瓶+小神100ml*1瓶,"2020-06-20 17:27:17",启用,100105501100116801100118901,通色,1,度数,1,"1001189	","1001189	",72度100ML小神酒--光瓶装,"通色	","1	","度数	","1	",1.00,1,3.00
H1203201H1203001H1200201H1200301,79小酒+89小酒+陈香优选小酒+陈香特选小酒,"2020-06-20 10:51:49",启用,H1203201H1203001H1200201H1200301,通色,1,度数,1,"H12032	","H12032	",42°100ml陈香1989小酒,"通色	","1	","度数	","1	",1.00,1,4.00
H1203201H1203001H1200201H1200301,79小酒+89小酒+陈香优选小酒+陈香特选小酒,"2020-06-20 10:51:49",启用,H1203201H1203001H1200201H1200301,通色,1,度数,1,"H12030	","H12030	",42°100ml陈香1979小酒,"通色	","1	","度数	","1	",1.00,1,4.00
H1203201H1203001H1200201H1200301,79小酒+89小酒+陈香优选小酒+陈香特选小酒,"2020-06-20 10:51:49",启用,H1203201H1203001H1200201H1200301,通色,1,度数,1,"H12002	","H12002	",42°100ml陈香特选小酒,"通色	","1	","度数	","1	",1.00,1,4.00
H1203201H1203001H1200201H1200301,79小酒+89小酒+陈香优选小酒+陈香特选小酒,"2020-06-20 10:51:49",启用,H1203201H1203001H1200201H1200301,通色,1,度数,1,"H12003	","H12003	",42°100ml陈香优选小酒,"通色	","1	","度数	","1	",1.00,1,4.00
H1906306,45度500ML黄鹤楼汉汾酒6瓶,"2020-06-19 10:50:53",启用,H1906306,通色,1,度数,1,"H19063	","H19063	",45度500ML黄鹤楼汉汾酒,"通色	","1	","度数	","1	",1.00,6,6.00
H1906302,45度500ML黄鹤楼汉汾酒2瓶,"2020-06-19 10:50:53",启用,H1906302,通色,1,度数,1,"H19063	","H19063	",45度500ML黄鹤楼汉汾酒,"通色	","1	","度数	","1	",1.00,2,2.00
100049101100027301,老版青花*1+原浆小酒*1,"2020-06-17 21:45:45",启用,100049101100027301,通色,1,度数,1,"1000491	","1000491	",50度2500ML青花大坛酒,"通色	","1	","度数	","1	",1.00,1,1.00
100049101100027301,老版青花*1+原浆小酒*1,"2020-06-17 21:45:45",启用,100049101100027301,通色,1,度数,1,"1000273	","1000273	",45度100ML年份原浆小酒,"通色	","1	","度数	","1	",0.00,1,1.00
100002306100118901,50度献礼箱装+小神1瓶,"2020-06-16 11:03:13",启用,100002306100118901,通色,1,度数,1,"1000023	","1000023	",50度500ML原浆献礼,"通色	","1	","度数	","1	",1.00,6,6.00
100002306100118901,50度献礼箱装+小神1瓶,"2020-06-16 11:03:13",启用,100002306100118901,通色,1,度数,1,"1001189	","1001189	",72度100ML小神酒--光瓶装,"通色	","1	","度数	","1	",0.00,1,6.00
100068301100068701,50度三星1瓶+50度四星1瓶,"2020-06-09 11:05:07",启用,100068301100068701,通色,1,度数,1,"1000683	","1000683	",50度500ML中国强三星,"通色	","1	","度数	","1	",26.00,1,56.00
100068301100068701,50度三星1瓶+50度四星1瓶,"2020-06-09 11:05:07",启用,100068301100068701,通色,1,度数,1,"1000687	","1000687	",50度500ML中国强四星,"通色	","1	","度数	","1	",30.00,1,56.00
100041006100118901,老玻贡1箱+小神1瓶,"2020-06-06 08:13:26",启用,100041006100118901,通色,1,度数,1,"1000410	","1000410	",50度750ML古井贡酒老玻贡,"通色	","1	","度数	","1	",1.00,6,6.00
100041006100118901,老玻贡1箱+小神1瓶,"2020-06-06 08:13:26",启用,100041006100118901,通色,1,度数,1,"1001189	","1001189	",72度100ML小神酒--光瓶装,"通色	","1	","度数	","1	",0.00,1,6.00
100118912100057905,小神1箱+礼盒5个,"2020-06-05 16:40:33",启用,100118912100057905,通色,1,度数,1,"1001189	","1001189	",72度100ML小神酒--光瓶装,"通色	","1	","度数	","1	",13.50,12,422.00
100118912100057905,小神1箱+礼盒5个,"2020-06-05 16:40:33",启用,100118912100057905,通色,1,度数,1,"1000579	","1000579	",42度130ML古井小子酒礼盒装,"通色	","1	","度数	","1	",52.00,5,422.00
huasheng48,小生花生48罐,"2020-06-03 17:13:27",启用,huasheng48,通色,1,度数,1,"huasheng	","huasheng	",古井-小生花生,"通色	","1	","度数	","1	",0.00,48,0.00
huasheng32,小生花生32罐,"2020-06-03 17:13:27",启用,huasheng32,通色,1,度数,1,"huasheng	","huasheng	",古井-小生花生,"通色	","1	","度数	","1	",1.00,32,32.00
huasheng15,小生花生15罐,"2020-06-03 17:13:27",启用,huasheng15,通色,1,度数,1,"huasheng	","huasheng	",古井-小生花生,"通色	","1	","度数	","1	",0.00,15,0.00
100016601100118901,50度古8*1+小神*1,"2020-05-30 10:47:06",启用,100016601100118901,通色,1,度数,1,"1000166	","1000166	",50度500ML中国香古8,"通色	","1	","度数	","1	",1.00,1,1.00
100016601100118901,50度古8*1+小神*1,"2020-05-30 10:47:06",启用,100016601100118901,通色,1,度数,1,"1001189	","1001189	",72度100ML小神酒--光瓶装,"通色	","1	","度数	","1	",0.00,1,1.00
100013501100118901,"50度古7*1+ 小神*1","2020-05-30 10:47:06",启用,100013501100118901,通色,1,度数,1,"1000135	","1000135	",50度500ML中国香古7,"通色	","1	","度数	","1	",1.00,1,1.00
100013501100118901,"50度古7*1+ 小神*1","2020-05-30 10:47:06",启用,100013501100118901,通色,1,度数,1,"1001189	","1001189	",72度100ML小神酒--光瓶装,"通色	","1	","度数	","1	",0.00,1,1.00
100002306100116101,50度献礼500ml*6瓶+小子手提100ml*1提,"2020-05-28 17:27:59",启用,100002306100116101,通色,1,度数,1,"1000023	","1000023	",50度500ML原浆献礼,"通色	","1	","度数	","1	",86.00,6,584.00
100002306100116101,50度献礼500ml*6瓶+小子手提100ml*1提,"2020-05-28 17:27:59",启用,100002306100116101,通色,1,度数,1,"1001161	","1001161	",42度100ML小子酒-贺岁版手提装,"通色	","1	","度数	","1	",68.00,1,584.00
10011897081000575276huasheng276,小神708瓶+130ml小子光瓶276瓶+花生276罐,"2020-05-28 17:27:59",启用,10011897081000575276huasheng276,通色,1,度数,1,"1001189	","1001189	",72度100ML小神酒--光瓶装,"通色	","1	","度数	","1	",13.50,708,12594.00
10011897081000575276huasheng276,小神708瓶+130ml小子光瓶276瓶+花生276罐,"2020-05-28 17:27:59",启用,10011897081000575276huasheng276,通色,1,度数,1,"1000575	","1000575	",42度130ML古井小子酒光瓶装,"通色	","1	","度数	","1	",11.00,276,12594.00
10011897081000575276huasheng276,小神708瓶+130ml小子光瓶276瓶+花生276罐,"2020-05-28 17:27:59",启用,10011897081000575276huasheng276,通色,1,度数,1,"huasheng	","huasheng	",古井-小生花生,"通色	","1	","度数	","1	",0.00,276,12594.00
1001189120100116848huasheng48,小神120瓶+100ml小子光瓶48瓶+48罐花生,"2020-05-28 17:27:59",启用,1001189120100116848huasheng48,通色,1,度数,1,"1001189	","1001189	",72度100ML小神酒--光瓶装,"通色	","1	","度数	","1	",13.50,120,2148.00
1001189120100116848huasheng48,小神120瓶+100ml小子光瓶48瓶+48罐花生,"2020-05-28 17:27:59",启用,1001189120100116848huasheng48,通色,1,度数,1,"1001168	","1001168	",42度100ML小子光瓶装,"通色	","1	","度数	","1	",11.00,48,2148.00
1001189120100116848huasheng48,小神120瓶+100ml小子光瓶48瓶+48罐花生,"2020-05-28 17:27:59",启用,1001189120100116848huasheng48,通色,1,度数,1,"huasheng	","huasheng	",古井-小生花生,"通色	","1	","度数	","1	",0.00,48,2148.00
100077002,37度500ML三十七（-）亳菊酒2瓶装,"2020-05-28 15:05:21",启用,100077002,通色,1,度数,1,"1000770	","1000770	",37度500ML三十七（-）亳菊酒4瓶装,"通色	","1	","度数	","1	",1.00,2,2.00
1001189K,72度100ML小神酒--光瓶装1瓶+小神一元品鉴卡片1个,"2020-05-25 16:59:49",启用,1001189K,通色,1,度数,1,"1001189	","1001189	",72度100ML小神酒--光瓶装,"通色	","1	","度数	","1	",1.00,1,1.00
1001189K,72度100ML小神酒--光瓶装1瓶+小神一元品鉴卡片1个,"2020-05-25 16:59:49",启用,1001189K,通色,1,度数,1,"yiyuanpinjian	","yiyuanpinjian	",小神一元品鉴卡片,"通色	","1	","度数	","1	",0.00,1,1.00
H1422501H1815501,"一楼1瓶+秘酿15  1瓶","2020-05-20 09:21:50",启用,H1422501H1815501,通色,1,度数,1,"H14225	","H14225	",52°500ml黄鹤楼酒一楼升级版,"通色	","1	","度数	","1	",1.00,1,2.00
H1422501H1815501,"一楼1瓶+秘酿15  1瓶","2020-05-20 09:21:50",启用,H1422501H1815501,通色,1,度数,1,"H18155	","H18155	",52度500ML黄鹤楼秘酿15,"通色	","1	","度数	","1	",1.00,1,2.00
H11600815H1101406,知音小酒整箱装15瓶+生态6整箱装6瓶,"2020-05-18 17:34:05",启用,H11600815H1101406,通色,1,度数,1,"H16008	","H16008	",42°125ml黄鹤楼知音小酒,"通色	","1	","度数	","1	",1.00,15,21.00
H11600815H1101406,知音小酒整箱装15瓶+生态6整箱装6瓶,"2020-05-18 17:34:05",启用,H11600815H1101406,通色,1,度数,1,"H11014	","H11014	",42°500ml兼香黄鹤楼6生态原浆酒,"通色	","1	","度数	","1	",1.00,6,21.00
H1815506,"秘酿15  6瓶","2020-05-17 10:59:17",启用,H1815506,通色,1,度数,1,"H18155	","H18155	",52度500ML黄鹤楼秘酿15,"通色	","1	","度数	","1	",1.00,6,6.00
H1815502,"秘酿15  2瓶","2020-05-17 10:59:17",启用,H1815502,通色,1,度数,1,"H18155	","H18155	",52度500ML黄鹤楼秘酿15,"通色	","1	","度数	","1	",1.00,2,2.00
1001189240100117096huasheng96,小神240瓶+100ml小子黑色卡盒96瓶+花生96罐,"2020-05-15 09:48:39",启用,1001189240100117096huasheng96,通色,1,度数,1,"1001189	","1001189	",72度100ML小神酒--光瓶装,"通色	","1	","度数	","1	",1.00,240,336.00
1001189240100117096huasheng96,小神240瓶+100ml小子黑色卡盒96瓶+花生96罐,"2020-05-15 09:48:39",启用,1001189240100117096huasheng96,通色,1,度数,1,"1001170	","1001170	",42度100ML小子酒-卡盒装,"通色	","1	","度数	","1	",1.00,96,336.00
1001189240100117096huasheng96,小神240瓶+100ml小子黑色卡盒96瓶+花生96罐,"2020-05-15 09:48:39",启用,1001189240100117096huasheng96,通色,1,度数,1,"huasheng	","huasheng	",古井-小生花生,"通色	","1	","度数	","1	",0.00,96,336.00
100118912391000575519,小神1239瓶+130ml小子光瓶519瓶,"2020-05-15 09:48:39",启用,100118912391000575519,通色,1,度数,1,"1001189	","1001189	",72度100ML小神酒--光瓶装,"通色	","1	","度数	","1	",1.00,1239,1758.00
100118912391000575519,小神1239瓶+130ml小子光瓶519瓶,"2020-05-15 09:48:39",启用,100118912391000575519,通色,1,度数,1,"1000575	","1000575	",42度130ML古井小子酒光瓶装,"通色	","1	","度数	","1	",1.00,519,1758.00
100111212,42度100ml古井小子酒-贺岁版卡盒装12瓶,"2020-05-11 11:30:45",启用,100111212,通色,1,度数,1,"1001112	","1001112	",42度100ML小子酒-贺岁版卡盒装,"通色	","1	","度数	","1	",1.00,12,12.00
100117012,42度100ml古井小子酒-卡盒装12瓶,"2020-05-11 11:30:45",启用,100117012,通色,1,度数,1,"1001170	","1001170	",42度100ML小子酒-卡盒装,"通色	","1	","度数	","1	",1.00,12,12.00
100119504,手提4个,"2020-05-08 10:13:37",启用,100119504,通色,1,度数,1,"1001195	","1001195	",72度100ML小神黑款手提装,"通色	","1	","度数	","1	",1.00,4,4.00
100119502,手提2个,"2020-05-08 10:13:37",启用,100119502,通色,1,度数,1,"1001195	","1001195	",72度100ML小神黑款手提装,"通色	","1	","度数	","1	",1.00,2,2.00
beizi06,酒杯6个,"2020-05-01 09:03:20",启用,beizi06,通色,1,度数,1,"beizi	","beizi	",小子定制酒杯,"通色	","1	","度数	","1	",0.00,6,0.00
100057702,130小子贺岁卡盒2瓶,"2020-04-29 09:41:52",启用,100057702,通色,1,度数,1,"1000577	","1000577	",42小子酒贺岁版--卡盒,"通色	","1	","度数	","1	",1.00,2,2.00
100038906100116001,50度经典500ml*6瓶+小子礼盒100ml*1盒,"2020-04-28 14:05:43",启用,100038906100116001,通色,1,度数,1,"1000389	","1000389	",50度500ML古井贡酒经典,"通色	","1	","度数	","1	",280.00,6,1732.00
100038906100116001,50度经典500ml*6瓶+小子礼盒100ml*1盒,"2020-04-28 14:05:43",启用,100038906100116001,通色,1,度数,1,"1001160	","1001160	",42度100ML小子酒-礼盒装,"通色	","1	","度数	","1	",52.00,1,1732.00
100038906100116101,50度经典500ml*6瓶+小子手提100ml*1提,"2020-04-28 14:05:43",启用,100038906100116101,通色,1,度数,1,"1000389	","1000389	",50度500ML古井贡酒经典,"通色	","1	","度数	","1	",280.00,6,1736.00
100038906100116101,50度经典500ml*6瓶+小子手提100ml*1提,"2020-04-28 14:05:43",启用,100038906100116101,通色,1,度数,1,"1001161	","1001161	",42度100ML小子酒-贺岁版手提装,"通色	","1	","度数	","1	",56.00,1,1736.00
100041006100116101,50度老玻贡750ml*6瓶+小子手提100ml*1提,"2020-04-28 14:05:43",启用,100041006100116101,通色,1,度数,1,"1000410	","1000410	",50度750ML古井贡酒老玻贡,"通色	","1	","度数	","1	",289.00,6,1790.00
100041006100116101,50度老玻贡750ml*6瓶+小子手提100ml*1提,"2020-04-28 14:05:43",启用,100041006100116101,通色,1,度数,1,"1001161	","1001161	",42度100ML小子酒-贺岁版手提装,"通色	","1	","度数	","1	",56.00,1,1790.00
100049101100116101,青花大坛（老版）*1坛+小子手提100ml*1提,"2020-04-28 14:05:43",启用,100049101100116101,通色,1,度数,1,"1000491	","1000491	",50度2500ML青花大坛酒,"通色	","1	","度数	","1	",193.00,1,249.00
100049101100116101,青花大坛（老版）*1坛+小子手提100ml*1提,"2020-04-28 14:05:43",启用,100049101100116101,通色,1,度数,1,"1001161	","1001161	",42度100ML小子酒-贺岁版手提装,"通色	","1	","度数	","1	",56.00,1,249.00
100057824huasheng08,"130卡盒24瓶 花生八盒","2020-04-26 17:17:55",启用,100057824huasheng08,通色,1,度数,1,"1000578	","1000578	",42度130ML古井小子酒卡盒装,"通色	","1	","度数	","1	",1.00,24,24.00
100057824huasheng08,"130卡盒24瓶 花生八盒","2020-04-26 17:17:55",启用,100057824huasheng08,通色,1,度数,1,"huasheng	","huasheng	",古井-小生花生,"通色	","1	","度数	","1	",0.00,8,24.00
H1600804,42°125ml黄鹤楼知音小酒,"2020-04-20 09:59:45",启用,H1600804,通色,1,度数,1,"H16008	","H16008	",42°125ml黄鹤楼知音小酒,"通色	","1	","度数	","1	",1.00,4,4.00
H1600815,42°125ml黄鹤楼知音小酒,"2020-04-20 09:54:49",启用,H1600815,通色,1,度数,1,"H16008	","H16008	",42°125ml黄鹤楼知音小酒,"通色	","1	","度数	","1	",1.00,15,15.00
100057724huasheng08,130贺岁卡盒24瓶+花生八盒,"2020-04-16 15:02:37",启用,100057724huasheng08,通色,1,度数,1,"1000577	","1000577	",42小子酒贺岁版--卡盒,"通色	","1	","度数	","1	",1.00,24,24.00
100057724huasheng08,130贺岁卡盒24瓶+花生八盒,"2020-04-16 15:02:37",启用,100057724huasheng08,通色,1,度数,1,"huasheng	","huasheng	",古井-小生花生,"通色	","1	","度数	","1	",0.00,8,24.00
100057712huasheng01,130贺岁卡盒12瓶+花生一盒,"2020-04-16 15:02:37",启用,100057712huasheng01,通色,1,度数,1,"1000577	","1000577	",42小子酒贺岁版--卡盒,"通色	","1	","度数	","1	",1.00,12,12.00
100057712huasheng01,130贺岁卡盒12瓶+花生一盒,"2020-04-16 15:02:37",启用,100057712huasheng01,通色,1,度数,1,"huasheng	","huasheng	",古井-小生花生,"通色	","1	","度数	","1	",0.00,1,12.00
100011106100111212,"50度古5 500ml*6+小子100ml*12贺岁版卡盒","2020-04-11 12:24:57",启用,100011106100111212,通色,1,度数,1,"1000111	","1000111	",50度500ML原浆5年,"通色	","1	","度数	","1	",158.00,6,1080.00
100011106100111212,"50度古5 500ml*6+小子100ml*12贺岁版卡盒","2020-04-11 12:24:57",启用,100011106100111212,通色,1,度数,1,"1001112	","1001112	",42度100ML小子酒-贺岁版卡盒装,"通色	","1	","度数	","1	",11.00,12,1080.00
100002306100116001,50度献礼500ml*6+小子100ml*4礼盒,"2020-04-11 12:24:57",启用,100002306100116001,通色,1,度数,1,"1000023	","1000023	",50度500ML原浆献礼,"通色	","1	","度数	","1	",95.00,6,622.00
100002306100116001,50度献礼500ml*6+小子100ml*4礼盒,"2020-04-11 12:24:57",启用,100002306100116001,通色,1,度数,1,"1001160	","1001160	",42度100ML小子酒-礼盒装,"通色	","1	","度数	","1	",52.00,1,622.00
100038906100118912,50度经典500ml*6瓶+小神100ml*12,"2020-04-11 12:24:57",启用,100038906100118912,通色,1,度数,1,"1000389	","1000389	",50度500ML古井贡酒经典,"通色	","1	","度数	","1	",50.00,6,540.00
100038906100118912,50度经典500ml*6瓶+小神100ml*12,"2020-04-11 12:24:57",启用,100038906100118912,通色,1,度数,1,"1001189	","1001189	",72度100ML小神酒--光瓶装,"通色	","1	","度数	","1	",20.00,12,540.00
100041006100118912,50度老玻贡750ml*6瓶+小神100ml*12,"2020-04-11 12:24:57",启用,100041006100118912,通色,1,度数,1,"1000410	","1000410	",50度750ML古井贡酒老玻贡,"通色	","1	","度数	","1	",54.00,6,564.00
100041006100118912,50度老玻贡750ml*6瓶+小神100ml*12,"2020-04-11 12:24:57",启用,100041006100118912,通色,1,度数,1,"1001189	","1001189	",72度100ML小神酒--光瓶装,"通色	","1	","度数	","1	",20.00,12,564.00
100002306100118912,50度献礼500ml*6+小神100ml*12,"2020-04-11 12:24:57",启用,100002306100118912,通色,1,度数,1,"1000023	","1000023	",50度500ML原浆献礼,"通色	","1	","度数	","1	",95.00,6,810.00
100002306100118912,50度献礼500ml*6+小神100ml*12,"2020-04-11 12:24:57",启用,100002306100118912,通色,1,度数,1,"1001189	","1001189	",72度100ML小神酒--光瓶装,"通色	","1	","度数	","1	",20.00,12,810.00
100033506100119501,"1989贡 500ml*6瓶+小神100ml*6","2020-04-11 12:24:57",启用,100033506100119501,通色,1,度数,1,"1000335	","1000335	",50度500ML古井贡酒1989,"通色	","1	","度数	","1	",120.00,6,840.00
100033506100119501,"1989贡 500ml*6瓶+小神100ml*6","2020-04-11 12:24:57",启用,100033506100119501,通色,1,度数,1,"1001195	","1001195	",72度100ML小神黑款手提装,"通色	","1	","度数	","1	",120.00,1,840.00
100041006100119501,50度老玻贡750ml*6瓶+小神100ml*6,"2020-04-11 12:24:57",启用,100041006100119501,通色,1,度数,1,"1000410	","1000410	",50度750ML古井贡酒老玻贡,"通色	","1	","度数	","1	",54.00,6,444.00
100041006100119501,50度老玻贡750ml*6瓶+小神100ml*6,"2020-04-11 12:24:57",启用,100041006100119501,通色,1,度数,1,"1001195	","1001195	",72度100ML小神黑款手提装,"通色	","1	","度数	","1	",120.00,1,444.00
100038906100119501,50度经典500ml*6瓶+小神100ml*6,"2020-04-11 12:24:57",启用,100038906100119501,通色,1,度数,1,"1000389	","1000389	",50度500ML古井贡酒经典,"通色	","1	","度数	","1	",50.00,6,420.00
100038906100119501,50度经典500ml*6瓶+小神100ml*6,"2020-04-11 12:24:57",启用,100038906100119501,通色,1,度数,1,"1001195	","1001195	",72度100ML小神黑款手提装,"通色	","1	","度数	","1	",120.00,1,420.00
100049101100119501,青花大坛（老版）*1+小神100ml*6,"2020-04-11 12:24:57",启用,100049101100119501,通色,1,度数,1,"1000491	","1000491	",50度2500ML青花大坛酒,"通色	","1	","度数	","1	",218.00,1,338.00
100049101100119501,青花大坛（老版）*1+小神100ml*6,"2020-04-11 12:24:57",启用,100049101100119501,通色,1,度数,1,"1001195	","1001195	",72度100ML小神黑款手提装,"通色	","1	","度数	","1	",120.00,1,338.00
100011106100119501,"50度古5 500ml*6+小神100ml*6","2020-04-11 12:24:57",启用,100011106100119501,通色,1,度数,1,"1001195	","1001195	",72度100ML小神黑款手提装,"通色	","1	","度数	","1	",120.00,1,1068.00
100011106100119501,"50度古5 500ml*6+小神100ml*6","2020-04-11 12:24:57",启用,100011106100119501,通色,1,度数,1,"1000111	","1000111	",50度500ML原浆5年,"通色	","1	","度数	","1	",158.00,6,1068.00
100002306100119501,50度献礼500ml*6+小神100ml*6,"2020-04-11 12:24:57",启用,100002306100119501,通色,1,度数,1,"1000023	","1000023	",50度500ML原浆献礼,"通色	","1	","度数	","1	",95.00,6,690.00
100002306100119501,50度献礼500ml*6+小神100ml*6,"2020-04-11 12:24:57",启用,100002306100119501,通色,1,度数,1,"1001195	","1001195	",72度100ML小神黑款手提装,"通色	","1	","度数	","1	",120.00,1,690.00
100057902S,130ml礼盒*2+2个手提袋,"2020-04-09 09:12:48",启用,100057902S,通色,1,度数,1,"1000579	","1000579	",42度130ML古井小子酒礼盒装,"通色	","1	","度数	","1	",1.00,2,2.00
100057902S,130ml礼盒*2+2个手提袋,"2020-04-09 09:12:48",启用,100057902S,通色,1,度数,1,"shoutidai	","shoutidai	",小子手提袋,"通色	","1	","度数	","1	",0.00,2,2.00
huasheng02,小生花生*2罐,"2020-04-09 09:12:48",启用,huasheng02,通色,1,度数,1,"huasheng	","huasheng	",古井-小生花生,"通色	","1	","度数	","1	",0.00,2,0.00
100043212,六角2箱,"2020-04-08 09:01:13",启用,100043212,通色,1,度数,1,"1000432	","1000432	",45度500ML乳玻六角,"通色	","1	","度数	","1	",1.00,12,12.00
100069012,大曲12瓶,"2020-04-06 10:19:24",启用,100069012,通色,1,度数,1,"1000690	","1000690	",45度250ML古井大曲,"通色	","1	","度数	","1	",1.00,12,12.00
100057812huasheng01,12瓶小酒+一盒花生,"2020-04-04 12:31:00",启用,100057812huasheng01,通色,1,度数,1,"1000578	","1000578	",42度130ML古井小子酒卡盒装,"通色	","1	","度数	","1	",1.00,12,12.00
100057812huasheng01,12瓶小酒+一盒花生,"2020-04-04 12:31:00",启用,100057812huasheng01,通色,1,度数,1,"huasheng	","huasheng	",古井-小生花生,"通色	","1	","度数	","1	",0.00,1,12.00
H1601906,75°500ml大清香纪念酒6瓶,"2020-03-25 08:42:33",启用,H1601906,通色,1,度数,1,"H16019	","H16019	",75°500ml大清香纪念酒,"通色	","1	","度数	","1	",1.00,6,6.00
H1601902,75°500ml大清香纪念酒2瓶,"2020-03-25 08:42:33",启用,H1601902,通色,1,度数,1,"H16019	","H16019	",75°500ml大清香纪念酒,"通色	","1	","度数	","1	",1.00,2,2.00
100111902100006401,"45度500ml乐喝500ml*2100ML幸福版小酒 1","2020-03-24 09:16:52",启用,100111902100006401,通色,1,度数,1,"1001119	","1001119	",45度500ML古井贡酒乐喝-岁月经典,"通色	","1	","度数	","1	",1.00,2,2.00
100111902100006401,"45度500ml乐喝500ml*2100ML幸福版小酒 1","2020-03-24 09:16:52",启用,100111902100006401,通色,1,度数,1,"1000064	","1000064	",45度100ML古井贡酒原浆幸福版,"通色	","1	","度数	","1	",0.00,1,2.00
100031602100006401,"45度700ml岁月经典5700ml*2100ML幸福版小酒 1","2020-03-24 09:16:52",启用,100031602100006401,通色,1,度数,1,"1000316	","1000316	",45度700ML岁月经典5年陈酿--年轮版,"通色	","1	","度数	","1	",1.00,2,2.00
100031602100006401,"45度700ml岁月经典5700ml*2100ML幸福版小酒 1","2020-03-24 09:16:52",启用,100031602100006401,通色,1,度数,1,"1000064	","1000064	",45度100ML古井贡酒原浆幸福版,"通色	","1	","度数	","1	",0.00,1,2.00
100048206100006401,"50度500m古井贡酒30窖龄500ml*6100ML幸福版小酒 1","2020-03-24 09:16:52",启用,100048206100006401,通色,1,度数,1,"1000482	","1000482	",50度500ML30年窖龄酒,"通色	","1	","度数	","1	",1.00,6,6.00
100048206100006401,"50度500m古井贡酒30窖龄500ml*6100ML幸福版小酒 1","2020-03-24 09:16:52",启用,100048206100006401,通色,1,度数,1,"1000064	","1000064	",45度100ML古井贡酒原浆幸福版,"通色	","1	","度数	","1	",0.00,1,6.00
100036306100006401,"50度500ml古井贡酒V3500ml*6100ML幸福版小酒 1","2020-03-24 09:16:52",启用,100036306100006401,通色,1,度数,1,"1000363	","1000363	",50度500ML古井贡酒V3,"通色	","1	","度数	","1	",1.00,6,6.00
100036306100006401,"50度500ml古井贡酒V3500ml*6100ML幸福版小酒 1","2020-03-24 09:16:52",启用,100036306100006401,通色,1,度数,1,"1000064	","1000064	",45度100ML古井贡酒原浆幸福版,"通色	","1	","度数	","1	",0.00,1,6.00
100118912100057802,72度100ml古井小神100ml*12赠2瓶小子卡盒2,"2020-03-24 09:16:52",启用,100118912100057802,通色,1,度数,1,"1001189	","1001189	",72度100ML小神酒--光瓶装,"通色	","1	","度数	","1	",1.00,12,12.00
100118912100057802,72度100ml古井小神100ml*12赠2瓶小子卡盒2,"2020-03-24 09:16:52",启用,100118912100057802,通色,1,度数,1,"1000578	","1000578	",42度130ML古井小子酒卡盒装,"通色	","1	","度数	","1	",0.00,2,12.00
100002306100006401,"50度年份原浆献礼500ml*6100ML幸福版小酒 1","2020-03-24 09:16:52",启用,100002306100006401,通色,1,度数,1,"1000023	","1000023	",50度500ML原浆献礼,"通色	","1	","度数	","1	",1.00,6,6.00
100002306100006401,"50度年份原浆献礼500ml*6100ML幸福版小酒 1","2020-03-24 09:16:52",启用,100002306100006401,通色,1,度数,1,"1000064	","1000064	",45度100ML古井贡酒原浆幸福版,"通色	","1	","度数	","1	",0.00,1,6.00
100038906100006401,"50度500ml古井贡酒 经典500ml*6100ML幸福版小酒 1","2020-03-24 09:16:52",启用,100038906100006401,通色,1,度数,1,"1000389	","1000389	",50度500ML古井贡酒经典,"通色	","1	","度数	","1	",1.00,6,6.00
100038906100006401,"50度500ml古井贡酒 经典500ml*6100ML幸福版小酒 1","2020-03-24 09:16:52",启用,100038906100006401,通色,1,度数,1,"1000064	","1000064	",45度100ML古井贡酒原浆幸福版,"通色	","1	","度数	","1	",0.00,1,6.00
100041006100006401,"50度750ml 老玻贡750ml*6100ML幸福版小酒 1","2020-03-24 09:16:52",启用,100041006100006401,通色,1,度数,1,"1000410	","1000410	",50度750ML古井贡酒老玻贡,"通色	","1	","度数	","1	",1.00,6,6.00
100041006100006401,"50度750ml 老玻贡750ml*6100ML幸福版小酒 1","2020-03-24 09:16:52",启用,100041006100006401,通色,1,度数,1,"1000064	","1000064	",45度100ML古井贡酒原浆幸福版,"通色	","1	","度数	","1	",0.00,1,6.00
100033502100006401,"50度500ml古井贡酒 1989500ml*2100ML幸福版小酒 1","2020-03-24 09:16:52",启用,100033502100006401,通色,1,度数,1,"1000335	","1000335	",50度500ML古井贡酒1989,"通色	","1	","度数	","1	",1.00,2,2.00
100033502100006401,"50度500ml古井贡酒 1989500ml*2100ML幸福版小酒 1","2020-03-24 09:16:52",启用,100033502100006401,通色,1,度数,1,"1000064	","1000064	",45度100ML古井贡酒原浆幸福版,"通色	","1	","度数	","1	",0.00,1,2.00
100027602100006401,"42度500ml中国龙红500ml*2100ML幸福版小酒 1","2020-03-24 09:16:52",启用,100027602100006401,通色,1,度数,1,"1000276	","1000276	",42度500ML年份原浆中国龙,"通色	","1	","度数	","1	",1.00,2,2.00
100027602100006401,"42度500ml中国龙红500ml*2100ML幸福版小酒 1","2020-03-24 09:16:52",启用,100027602100006401,通色,1,度数,1,"1000064	","1000064	",45度100ML古井贡酒原浆幸福版,"通色	","1	","度数	","1	",0.00,1,2.00
H1200302,黄鹤楼陈香优选小酒两瓶,"2020-03-23 09:21:24",启用,H1200302,通色,1,度数,1,"H12003	","H12003	",42°100ml陈香优选小酒,"通色	","1	","度数	","1	",1.00,2,2.00
100069706100068306,粮液一箱+50度三星一箱,"2020-03-23 09:02:19",启用,100069706100068306,通色,1,度数,1,"1000697	","1000697	",50度750ML古井粮液,"通色	","1	","度数	","1	",1.00,6,12.00
100069706100068306,粮液一箱+50度三星一箱,"2020-03-23 09:02:19",启用,100069706100068306,通色,1,度数,1,"1000683	","1000683	",50度500ML中国强三星,"通色	","1	","度数	","1	",1.00,6,12.00
100043202,六角乳玻贡两瓶,"2020-03-21 11:47:28",启用,100043202,通色,1,度数,1,"1000432	","1000432	",45度500ML乳玻六角,"通色	","1	","度数	","1	",1.00,2,2.00
100043206,六角乳玻贡整箱,"2020-03-21 11:47:28",启用,100043206,通色,1,度数,1,"1000432	","1000432	",45度500ML乳玻六角,"通色	","1	","度数	","1	",1.00,6,6.00
100118902100116802huasheng02,72度小神100ml*2瓶+42度小子100ml*2光瓶+小生花生*2罐,"2020-03-13 17:18:54",启用,100118902100116802huasheng02,通色,1,度数,1,"1001189	","1001189	",72度100ML小神酒--光瓶装,"通色	","1	","度数	","1	",1.00,2,4.00
100118902100116802huasheng02,72度小神100ml*2瓶+42度小子100ml*2光瓶+小生花生*2罐,"2020-03-13 17:18:54",启用,100118902100116802huasheng02,通色,1,度数,1,"1001168	","1001168	",42度100ML小子光瓶装,"通色	","1	","度数	","1	",1.00,2,4.00
100118902100116802huasheng02,72度小神100ml*2瓶+42度小子100ml*2光瓶+小生花生*2罐,"2020-03-13 17:18:54",启用,100118902100116802huasheng02,通色,1,度数,1,"huasheng	","huasheng	",古井-小生花生,"通色	","1	","度数	","1	",0.00,2,4.00
100006306,42度500ML幸福版整箱,"2020-03-12 14:13:49",启用,100006306,通色,1,度数,1,"1000063	","1000063	",42度500ML幸福版,"通色	","1	","度数	","1	",1.00,6,6.00
100006302,42度500ML幸福版2瓶,"2020-03-12 14:13:49",启用,100006302,通色,1,度数,1,"1000063	","1000063	",42度500ML幸福版,"通色	","1	","度数	","1	",1.00,2,2.00
100116812,42度100ML小子光瓶装12瓶,"2020-03-12 14:13:49",启用,100116812,通色,1,度数,1,"1001168	","1001168	",42度100ML小子光瓶装,"通色	","1	","度数	","1	",1.00,12,12.00
100116802,42度100ML小子光瓶装2瓶,"2020-03-12 14:13:49",启用,100116802,通色,1,度数,1,"1001168	","1001168	",42度100ML小子光瓶装,"通色	","1	","度数	","1	",1.00,2,2.00
100116104,42度100ML小子手提整箱,"2020-03-12 14:13:49",启用,100116104,通色,1,度数,1,"1001161	","1001161	",42度100ML小子酒-贺岁版手提装,"通色	","1	","度数	","1	",1.00,4,4.00
100111906,45度500ML乐喝-岁月经典整箱,"2020-03-12 14:13:49",启用,100111906,通色,1,度数,1,"1001119	","1001119	",45度500ML古井贡酒乐喝-岁月经典,"通色	","1	","度数	","1	",1.00,6,6.00
100111902,45度500ML乐喝-岁月经典2瓶,"2020-03-12 14:13:49",启用,100111902,通色,1,度数,1,"1001119	","1001119	",45度500ML古井贡酒乐喝-岁月经典,"通色	","1	","度数	","1	",1.00,2,2.00
100027604,42度中国龙4瓶,"2020-03-12 14:00:47",启用,100027604,通色,1,度数,1,"1000276	","1000276	",42度500ML年份原浆中国龙,"通色	","1	","度数	","1	",1.00,4,4.00
100027602,42度中国龙2瓶,"2020-03-12 14:00:47",启用,100027602,通色,1,度数,1,"1000276	","1000276	",42度500ML年份原浆中国龙,"通色	","1	","度数	","1	",1.00,2,2.00
100027704,50度中国龙4瓶,"2020-03-12 14:00:47",启用,100027704,通色,1,度数,1,"1000277	","1000277	",50度500ML年份原浆中国龙,"通色	","1	","度数	","1	",1.00,4,4.00
100027702,50度中国龙2瓶,"2020-03-12 14:00:47",启用,100027702,通色,1,度数,1,"1000277	","1000277	",50度500ML年份原浆中国龙,"通色	","1	","度数	","1	",1.00,2,2.00
100118902,小神2瓶,"2020-03-12 11:45:15",启用,100118902,通色,1,度数,1,"1001189	","1001189	",72度100ML小神酒--光瓶装,"通色	","1	","度数	","1	",1.00,2,2.00
100118912,小神12瓶,"2020-03-12 11:45:15",启用,100118912,通色,1,度数,1,"1001189	","1001189	",72度100ML小神酒--光瓶装,"通色	","1	","度数	","1	",1.00,12,12.00
100118924,小神24瓶,"2020-03-12 09:56:41",启用,100118924,通色,1,度数,1,"1001189	","1001189	",72度100ML小神酒--光瓶装,"通色	","1	","度数	","1	",1.00,24,24.00
100077301100077401,"亳菊+1瓶+ 亳菊-1瓶","2020-03-10 15:53:23",启用,100077301100077401,通色,1,度数,1,"1000773	","1000773	",37度500ML三十七度（+）亳菊酒,"通色	","1	","度数	","1	",1.00,1,2.00
100077301100077401,"亳菊+1瓶+ 亳菊-1瓶","2020-03-10 15:53:23",启用,100077301100077401,通色,1,度数,1,"1000774	","1000774	",37度500ML三十七度（-）亳菊酒(新款),"通色	","1	","度数	","1	",1.00,1,2.00
100048206100058001,50°500ml*6古井贡酒30窖龄一箱+小子手提130ml*1提,"2020-03-03 15:42:43",启用,100048206100058001,通色,1,度数,1,"1000482	","1000482	",50度500ML30年窖龄酒,"通色	","1	","度数	","1	",76.00,6,524.00
100048206100058001,50°500ml*6古井贡酒30窖龄一箱+小子手提130ml*1提,"2020-03-03 15:42:43",启用,100048206100058001,通色,1,度数,1,"1000580	","1000580	",42度130ML小子贺岁版手提装酒,"通色	","1	","度数	","1	",68.00,1,524.00
100048406100058001,"50°500ml*6古井贡酒世博 梦梦 一箱+小子手提130ml*1提","2020-03-03 15:41:42",启用,100048406100058001,通色,1,度数,1,"1000484	","1000484	",50度500ML古井贡酒世博梦梦,"通色	","1	","度数	","1	",75.00,6,518.00
100048406100058001,"50°500ml*6古井贡酒世博 梦梦 一箱+小子手提130ml*1提","2020-03-03 15:41:42",启用,100048406100058001,通色,1,度数,1,"1000580	","1000580	",42度130ML小子贺岁版手提装酒,"通色	","1	","度数	","1	",68.00,1,518.00
100118812,72度100ML古井小神酒12瓶,"2020-03-02 14:13:48",启用,100118812,通色,1,度数,1,"1001188	","1001188	",72度100ML古井小神酒--光瓶装,"通色	","1	","度数	","1	",1.00,12,12.00
100118848,72度100ML古井小神酒两箱,"2020-03-02 14:12:09",启用,100118848,通色,1,度数,1,"1001188	","1001188	",72度100ML古井小神酒--光瓶装,"通色	","1	","度数	","1	",1.00,48,48.00
100118802,72度100ML古井小神酒双瓶,"2020-02-27 11:38:50",启用,100118802,通色,1,度数,1,"1001188	","1001188	",72度100ML古井小神酒--光瓶装,"通色	","1	","度数	","1	",1.00,2,2.00
100118824,72度100ML古井小神酒整箱,"2020-02-27 11:38:50",启用,100118824,通色,1,度数,1,"1001188	","1001188	",72度100ML古井小神酒--光瓶装,"通色	","1	","度数	","1	",1.00,24,24.00
100058001beizi06,小子手提1个+定制酒杯6个,"2020-02-19 10:54:25",启用,100058001beizi06,通色,1,度数,1,"1000580	","1000580	",42度130ML小子贺岁版手提装酒,"通色	","1	","度数	","1	",1.00,1,1.00
100058001beizi06,小子手提1个+定制酒杯6个,"2020-02-19 10:54:25",启用,100058001beizi06,通色,1,度数,1,"beizi	","beizi	",小子定制酒杯,"通色	","1	","度数	","1	",0.00,6,1.00
100116824,100ML小子一箱,"2020-01-06 10:23:21",启用,100116824,通色,1,度数,1,"1001168	","1001168	",42度100ML小子光瓶装,"通色	","1	","度数	","1	",1.00,24,24.00
100049101100006401,老青花*1+小幸福*1,"2020-01-04 18:06:43",启用,100049101100006401,通色,1,度数,1,"1000491	","1000491	",50度2500ML青花大坛酒,"通色	","1	","度数	","1	",1.00,1,1.00
100049101100006401,老青花*1+小幸福*1,"2020-01-04 18:06:43",启用,100049101100006401,通色,1,度数,1,"1000064	","1000064	",45度100ML古井贡酒原浆幸福版,"通色	","1	","度数	","1	",0.00,1,1.00
100069706100068301,粮液一箱+50度三星一瓶,"2020-01-04 10:08:14",启用,100069706100068301,通色,1,度数,1,"1000697	","1000697	",50度750ML古井粮液,"通色	","1	","度数	","1	",35.00,6,268.00
100069706100068301,粮液一箱+50度三星一瓶,"2020-01-04 10:08:14",启用,100069706100068301,通色,1,度数,1,"1000683	","1000683	",50度500ML中国强三星,"通色	","1	","度数	","1	",58.00,1,268.00
100038906100058001,50度经典500ml*6瓶+小子手提130ml*1提,"2020-01-03 15:51:19",启用,100038906100058001,通色,1,度数,1,"1000389	","1000389	",50度500ML古井贡酒经典,"通色	","1	","度数	","1	",46.00,6,348.00
100038906100058001,50度经典500ml*6瓶+小子手提130ml*1提,"2020-01-03 15:51:19",启用,100038906100058001,通色,1,度数,1,"1000580	","1000580	",42度130ML小子贺岁版手提装酒,"通色	","1	","度数	","1	",72.00,1,348.00
100041006100058001,50度老玻贡750ml*6瓶+小子手提130ml*1提,"2020-01-03 15:51:19",启用,100041006100058001,通色,1,度数,1,"1000410	","1000410	",50度750ML古井贡酒老玻贡,"通色	","1	","度数	","1	",48.00,6,360.00
100041006100058001,50度老玻贡750ml*6瓶+小子手提130ml*1提,"2020-01-03 15:51:19",启用,100041006100058001,通色,1,度数,1,"1000580	","1000580	",42度130ML小子贺岁版手提装酒,"通色	","1	","度数	","1	",72.00,1,360.00
100069002,大曲2瓶,"2019-12-26 16:12:38",启用,100069002,通色,1,度数,1,"1000690	","1000690	",45度250ML古井大曲,"通色	","1	","度数	","1	",1.00,2,2.00
100057804huasheng04,"42度130ml古井小子卡盒*4瓶 小生花生4盒","2019-12-24 09:25:59",启用,100057804huasheng04,通色,1,度数,1,"1000578	","1000578	",42度130ML古井小子酒卡盒装,"通色	","1	","度数	","1	",16.00,4,64.00
100057804huasheng04,"42度130ml古井小子卡盒*4瓶 小生花生4盒","2019-12-24 09:25:59",启用,100057804huasheng04,通色,1,度数,1,"huasheng	","huasheng	",古井-小生花生,"通色	","1	","度数	","1	",0.00,4,64.00
100057812huasheng12,42度130ml古井小子卡盒*12瓶+小生花生12盒,"2019-12-20 15:18:41",启用,100057812huasheng12,通色,1,度数,1,"1000578	","1000578	",42度130ML古井小子酒卡盒装,"通色	","1	","度数	","1	",16.00,12,192.00
100057812huasheng12,42度130ml古井小子卡盒*12瓶+小生花生12盒,"2019-12-20 15:18:41",启用,100057812huasheng12,通色,1,度数,1,"huasheng	","huasheng	",古井-小生花生,"通色	","1	","度数	","1	",0.00,12,192.00
100058001huasheng06,42度130ml古井小子手提*1提+小生花生6盒,"2019-12-20 15:18:41",启用,100058001huasheng06,通色,1,度数,1,"1000580	","1000580	",42度130ML小子贺岁版手提装酒,"通色	","1	","度数	","1	",95.00,1,95.00
100058001huasheng06,42度130ml古井小子手提*1提+小生花生6盒,"2019-12-20 15:18:41",启用,100058001huasheng06,通色,1,度数,1,"huasheng	","huasheng	",古井-小生花生,"通色	","1	","度数	","1	",0.00,6,95.00
100057801huasheng01,42度130ml古井小子卡盒*1瓶+小生花生1盒,"2019-12-20 15:18:41",启用,100057801huasheng01,通色,1,度数,1,"1000578	","1000578	",42度130ML古井小子酒卡盒装,"通色	","1	","度数	","1	",16.00,1,16.00
100057801huasheng01,42度130ml古井小子卡盒*1瓶+小生花生1盒,"2019-12-20 15:18:41",启用,100057801huasheng01,通色,1,度数,1,"huasheng	","huasheng	",古井-小生花生,"通色	","1	","度数	","1	",0.00,1,16.00
100049101100058001,青花大坛（老版）*1+小子手提130ml*1,"2019-12-19 11:20:00",启用,100049101100058001,通色,1,度数,1,"1000491	","1000491	",50度2500ML青花大坛酒,"通色	","1	","度数	","1	",191.00,1,259.00
100049101100058001,青花大坛（老版）*1+小子手提130ml*1,"2019-12-19 11:20:00",启用,100049101100058001,通色,1,度数,1,"1000580	","1000580	",42度130ML小子贺岁版手提装酒,"通色	","1	","度数	","1	",68.00,1,259.00
100048306100057901,60窖龄500ml*6+小子礼盒130ml*1,"2019-12-19 11:20:00",启用,100048306100057901,通色,1,度数,1,"1000483	","1000483	",50度500ML60年窖龄酒,"通色	","1	","度数	","1	",101.00,6,685.00
100048306100057901,60窖龄500ml*6+小子礼盒130ml*1,"2019-12-19 11:20:00",启用,100048306100057901,通色,1,度数,1,"1000579	","1000579	",42度130ML古井小子酒礼盒装,"通色	","1	","度数	","1	",79.00,1,685.00
100048306100057901,60窖龄500ml*6+小子礼盒130ml*1,"2019-12-19 11:20:00",启用,100048306100057901,通色,1,度数,1,"shoutidai	","shoutidai	",小子手提袋,"通色	","1	","度数	","1	",0.00,1,685.00
100011106100057712,50度古5500ml*6+小子贺岁版130ml*12,"2019-12-19 11:20:00",启用,100011106100057712,通色,1,度数,1,"1000111	","1000111	",50度500ML原浆5年,"通色	","1	","度数	","1	",158.00,6,1092.00
100011106100057712,50度古5500ml*6+小子贺岁版130ml*12,"2019-12-19 11:20:00",启用,100011106100057712,通色,1,度数,1,"1000577	","1000577	",42小子酒贺岁版--卡盒,"通色	","1	","度数	","1	",12.00,12,1092.00
100011106100057812,"50度古5 500ml*6+小子卡盒130ml*12","2019-12-19 11:20:00",启用,100011106100057812,通色,1,度数,1,"1000111	","1000111	",50度500ML原浆5年,"通色	","1	","度数	","1	",158.00,6,1092.00
100011106100057812,"50度古5 500ml*6+小子卡盒130ml*12","2019-12-19 11:20:00",启用,100011106100057812,通色,1,度数,1,"1000578	","1000578	",42度130ML古井小子酒卡盒装,"通色	","1	","度数	","1	",12.00,12,1092.00
100002306100058001,50度献礼500ml*6+小子手提装130ml*1,"2019-12-19 11:20:00",启用,100002306100058001,通色,1,度数,1,"1000580	","1000580	",42度130ML小子贺岁版手提装酒,"通色	","1	","度数	","1	",68.00,1,638.00
100002306100058001,50度献礼500ml*6+小子手提装130ml*1,"2019-12-19 11:20:00",启用,100002306100058001,通色,1,度数,1,"1000023	","1000023	",50度500ML原浆献礼,"通色	","1	","度数	","1	",95.00,6,638.00
100058001huasheng01,小子手提一提+花生一罐,"2019-12-18 09:34:16",启用,100058001huasheng01,通色,1,度数,1,"1000580	","1000580	",42度130ML小子贺岁版手提装酒,"通色	","1	","度数	","1	",1.00,1,1.00
100058001huasheng01,小子手提一提+花生一罐,"2019-12-18 09:34:16",启用,100058001huasheng01,通色,1,度数,1,"huasheng	","huasheng	",古井-小生花生,"通色	","1	","度数	","1	",0.00,1,1.00
1000111A02,50度500ML原浆5年(杭州)2瓶,"2019-12-18 09:08:41",启用,1000111A02,通色,1,度数,1,"1000111A	","1000111A	",50度500ML原浆5年(杭州),"通色	","1	","度数	","1	",1.00,2,2.00
100049102,老版青花双瓶装,"2019-12-14 11:34:12",启用,100049102,通色,1,度数,1,"1000491	","1000491	",50度2500ML青花大坛酒,"通色	","1	","度数	","1	",1.00,2,2.00
100057812100057712,"小子黑色卡盒装12瓶 + 贺岁版卡盒装12瓶","2019-12-09 17:18:17",启用,100057812100057712,通色,1,度数,1,"1000578	","1000578	",42度130ML古井小子酒卡盒装,"通色	","1	","度数	","1	",1.00,12,24.00
100057812100057712,"小子黑色卡盒装12瓶 + 贺岁版卡盒装12瓶","2019-12-09 17:18:17",启用,100057812100057712,通色,1,度数,1,"1000577	","1000577	",42小子酒贺岁版--卡盒,"通色	","1	","度数	","1	",1.00,12,24.00
100058001huasheng03,小子手提1提+花生3盒,"2019-12-09 17:12:06",启用,100058001huasheng03,通色,1,度数,1,"1000580	","1000580	",42度130ML小子贺岁版手提装酒,"通色	","1	","度数	","1	",96.00,1,96.00
100058001huasheng03,小子手提1提+花生3盒,"2019-12-09 17:12:06",启用,100058001huasheng03,通色,1,度数,1,"huasheng	","huasheng	",古井-小生花生,"通色	","1	","度数	","1	",0.00,3,96.00
1000579S,小子礼盒一提（带手提袋）,"2019-12-02 15:15:31",启用,1000579S,通色,1,度数,1,"1000579	","1000579	",42度130ML古井小子酒礼盒装,"通色	","1	","度数	","1	",1.00,1,1.00
1000579S,小子礼盒一提（带手提袋）,"2019-12-02 15:15:31",启用,1000579S,通色,1,度数,1,"shoutidai	","shoutidai	",小子手提袋,"通色	","1	","度数	","1	",0.00,1,1.00
100036306,"50度500ML古井贡酒V3 一箱","2019-11-11 16:29:33",启用,100036306,通色,1,度数,1,"1000363	","1000363	",50度500ML古井贡酒V3,"通色	","1	","度数	","1	",1.00,6,6.00
100105502,小亳菊磨砂版2瓶,"2019-10-29 09:20:02",启用,100105502,通色,1,度数,1,"1001055	","1001055	",37度125ML三十七度亳菊酒,"通色	","1	","度数	","1	",1.00,2,2.00
100049701100048401,55度750ML古井贡酒和和一瓶+50度500ML古井贡酒世博梦梦一瓶,"2019-10-24 10:39:25",启用,100049701100048401,通色,1,度数,1,"1000497	","1000497	",55度750ML古井贡酒和和,"通色	","1	","度数	","1	",2.00,1,3.00
100049701100048401,55度750ML古井贡酒和和一瓶+50度500ML古井贡酒世博梦梦一瓶,"2019-10-24 10:39:25",启用,100049701100048401,通色,1,度数,1,"1000484	","1000484	",50度500ML古井贡酒世博梦梦,"通色	","1	","度数	","1	",1.00,1,3.00
100049701100048401100030501,55度750ML古井贡酒和和一瓶+50度500ML古井贡酒世博梦梦一瓶+45度750ML哈萨克斯坦世博会纪念酒一瓶,"2019-10-24 10:39:25",启用,100049701100048401100030501,通色,1,度数,1,"1000497	","1000497	",55度750ML古井贡酒和和,"通色	","1	","度数	","1	",2.00,1,8.00
100049701100048401100030501,55度750ML古井贡酒和和一瓶+50度500ML古井贡酒世博梦梦一瓶+45度750ML哈萨克斯坦世博会纪念酒一瓶,"2019-10-24 10:39:25",启用,100049701100048401100030501,通色,1,度数,1,"1000484	","1000484	",50度500ML古井贡酒世博梦梦,"通色	","1	","度数	","1	",1.00,1,8.00
100049701100048401100030501,55度750ML古井贡酒和和一瓶+50度500ML古井贡酒世博梦梦一瓶+45度750ML哈萨克斯坦世博会纪念酒一瓶,"2019-10-24 10:39:25",启用,100049701100048401100030501,通色,1,度数,1,"1000305	","1000305	",45度750ML哈萨克斯坦世博会纪念酒,"通色	","1	","度数	","1	",5.00,1,8.00
100049706100048406,55度750ML古井贡酒和和六瓶+50度500ML古井贡酒世博梦梦六瓶,"2019-10-24 10:39:25",启用,100049706100048406,通色,1,度数,1,"1000497	","1000497	",55度750ML古井贡酒和和,"通色	","1	","度数	","1	",2.00,6,18.00
100049706100048406,55度750ML古井贡酒和和六瓶+50度500ML古井贡酒世博梦梦六瓶,"2019-10-24 10:39:25",启用,100049706100048406,通色,1,度数,1,"1000484	","1000484	",50度500ML古井贡酒世博梦梦,"通色	","1	","度数	","1	",1.00,6,18.00
100033601100033701100033501,55度500ML1963(纸盒版)一瓶+45度500ML1979(纸盒版)一瓶+50度500ML古井贡酒1989一瓶,"2019-10-24 10:39:25",启用,100033601100033701100033501,通色,1,度数,1,"1000336	","1000336	",55度500ML1963(纸盒版),"通色	","1	","度数	","1	",2.00,1,6.00
100033601100033701100033501,55度500ML1963(纸盒版)一瓶+45度500ML1979(纸盒版)一瓶+50度500ML古井贡酒1989一瓶,"2019-10-24 10:39:25",启用,100033601100033701100033501,通色,1,度数,1,"1000337	","1000337	",45度500ML1979(纸盒版),"通色	","1	","度数	","1	",3.00,1,6.00
100033601100033701100033501,55度500ML1963(纸盒版)一瓶+45度500ML1979(纸盒版)一瓶+50度500ML古井贡酒1989一瓶,"2019-10-24 10:39:25",启用,100033601100033701100033501,通色,1,度数,1,"1000335	","1000335	",50度500ML古井贡酒1989,"通色	","1	","度数	","1	",1.00,1,6.00
100002301100048201,50度500ML原浆献礼一瓶+50度500ML30年窖龄酒一瓶,"2019-10-24 10:39:25",启用,100002301100048201,通色,1,度数,1,"1000023	","1000023	",50度500ML原浆献礼,"通色	","1	","度数	","1	",1.00,1,2.00
100002301100048201,50度500ML原浆献礼一瓶+50度500ML30年窖龄酒一瓶,"2019-10-24 10:39:25",启用,100002301100048201,通色,1,度数,1,"1000482	","1000482	",50度500ML30年窖龄酒,"通色	","1	","度数	","1	",1.00,1,2.00
100002301100033501,50度500ML原浆献礼一瓶+50度500ML古井贡酒1989一瓶,"2019-10-24 10:39:25",启用,100002301100033501,通色,1,度数,1,"1000023	","1000023	",50度500ML原浆献礼,"通色	","1	","度数	","1	",1.00,1,2.00
100002301100033501,50度500ML原浆献礼一瓶+50度500ML古井贡酒1989一瓶,"2019-10-24 10:39:25",启用,100002301100033501,通色,1,度数,1,"1000335	","1000335	",50度500ML古井贡酒1989,"通色	","1	","度数	","1	",1.00,1,2.00
100011101100048201,50度500ML原浆5年一瓶+50度500ML30年窖龄酒一瓶,"2019-10-24 10:39:25",启用,100011101100048201,通色,1,度数,1,"1000111	","1000111	",50度500ML原浆5年,"通色	","1	","度数	","1	",1.00,1,2.00
100011101100048201,50度500ML原浆5年一瓶+50度500ML30年窖龄酒一瓶,"2019-10-24 10:39:25",启用,100011101100048201,通色,1,度数,1,"1000482	","1000482	",50度500ML30年窖龄酒,"通色	","1	","度数	","1	",1.00,1,2.00
100011101100048301,50度500ML原浆5年一瓶+50度500ML60年窖龄酒一瓶,"2019-10-24 10:39:25",启用,100011101100048301,通色,1,度数,1,"1000111	","1000111	",50度500ML原浆5年,"通色	","1	","度数	","1	",1.00,1,2.00
100011101100048301,50度500ML原浆5年一瓶+50度500ML60年窖龄酒一瓶,"2019-10-24 10:39:25",启用,100011101100048301,通色,1,度数,1,"1000483	","1000483	",50度500ML60年窖龄酒,"通色	","1	","度数	","1	",1.00,1,2.00
100038901100068701,50度500ML古井贡酒经典一瓶+50度500ML中国强四星一瓶,"2019-10-24 10:39:25",启用,100038901100068701,通色,1,度数,1,"1000389	","1000389	",50度500ML古井贡酒经典,"通色	","1	","度数	","1	",1.00,1,2.00
100038901100068701,50度500ML古井贡酒经典一瓶+50度500ML中国强四星一瓶,"2019-10-24 10:39:25",启用,100038901100068701,通色,1,度数,1,"1000687	","1000687	",50度500ML中国强四星,"通色	","1	","度数	","1	",1.00,1,2.00
100038901100068301,50度500ML古井贡酒经典一瓶+50度500ML中国强三星一瓶,"2019-10-24 10:39:25",启用,100038901100068301,通色,1,度数,1,"1000389	","1000389	",50度500ML古井贡酒经典,"通色	","1	","度数	","1	",1.00,1,2.00
100038901100068301,50度500ML古井贡酒经典一瓶+50度500ML中国强三星一瓶,"2019-10-24 10:39:25",启用,100038901100068301,通色,1,度数,1,"1000683	","1000683	",50度500ML中国强三星,"通色	","1	","度数	","1	",1.00,1,2.00
100038906100069706,50度500ML古井贡酒经典六瓶+50度750ML古井粮液六瓶,"2019-10-24 10:39:25",启用,100038906100069706,通色,1,度数,1,"1000389	","1000389	",50度500ML古井贡酒经典,"通色	","1	","度数	","1	",1.00,6,12.00
100038906100069706,50度500ML古井贡酒经典六瓶+50度750ML古井粮液六瓶,"2019-10-24 10:39:25",启用,100038906100069706,通色,1,度数,1,"1000697	","1000697	",50度750ML古井粮液,"通色	","1	","度数	","1	",1.00,6,12.00
100002101100048201,50度375ML原浆献礼(大版)一瓶+50度500ML30年窖龄酒一瓶,"2019-10-24 10:39:25",启用,100002101100048201,通色,1,度数,1,"1000021	","1000021	",50度375ML原浆献礼(大版),"通色	","1	","度数	","1	",1.00,1,2.00
100002101100048201,50度375ML原浆献礼(大版)一瓶+50度500ML30年窖龄酒一瓶,"2019-10-24 10:39:25",启用,100002101100048201,通色,1,度数,1,"1000482	","1000482	",50度500ML30年窖龄酒,"通色	","1	","度数	","1	",1.00,1,2.00
xiaojiuzuhe,幸福版献礼版古五古八古16小酒各一瓶,"2019-10-24 10:39:25",启用,xiaojiuzuhe,通色,1,度数,1,"1000001	","1000001	",40.6度100ML古井贡酒原浆献礼版,"通色	","1	","度数	","1	",15.00,1,196.00
xiaojiuzuhe,幸福版献礼版古五古八古16小酒各一瓶,"2019-10-24 10:39:25",启用,xiaojiuzuhe,通色,1,度数,1,"1000064	","1000064	",45度100ML古井贡酒原浆幸福版,"通色	","1	","度数	","1	",16.00,1,196.00
xiaojiuzuhe,幸福版献礼版古五古八古16小酒各一瓶,"2019-10-24 10:39:25",启用,xiaojiuzuhe,通色,1,度数,1,"1000087	","1000087	",40.6度100ML古井贡酒年份原浆古5,"通色	","1	","度数	","1	",25.00,1,196.00
xiaojiuzuhe,幸福版献礼版古五古八古16小酒各一瓶,"2019-10-24 10:39:25",启用,xiaojiuzuhe,通色,1,度数,1,"1000273	","1000273	",45度100ML年份原浆小酒,"通色	","1	","度数	","1	",60.00,1,196.00
xiaojiuzuhe,幸福版献礼版古五古八古16小酒各一瓶,"2019-10-24 10:39:25",启用,xiaojiuzuhe,通色,1,度数,1,"1000184	","1000184	",50度100ML16年原浆小酒--简易袋装版,"通色	","1	","度数	","1	",80.00,1,196.00
100068602,42度500ML中国强四星双瓶装,"2019-10-23 16:56:12",启用,100068602,通色,1,度数,1,"1000686	","1000686	",42度500ML中国强四星,"通色	","1	","度数	","1	",1.00,2,2.00
100068702,50度500ML中国强四星双瓶装,"2019-10-23 16:56:12",启用,100068702,通色,1,度数,1,"1000687	","1000687	",50度500ML中国强四星,"通色	","1	","度数	","1	",1.00,2,2.00
100068302,50度500ML中国强三星双瓶装,"2019-10-23 16:56:12",启用,100068302,通色,1,度数,1,"1000683	","1000683	",50度500ML中国强三星,"通色	","1	","度数	","1	",1.00,2,2.00
100068202,42度500ML中国强三星双瓶装,"2019-10-23 16:56:12",启用,100068202,通色,1,度数,1,"1000682	","1000682	",42度500ML中国强三星,"通色	","1	","度数	","1	",1.00,2,2.00
100006602,45度500ML原浆幸福版双瓶装,"2019-10-23 16:56:12",启用,100006602,通色,1,度数,1,"1000066	","1000066	",45度500ML幸福版,"通色	","1	","度数	","1	",1.00,2,2.00
100053702,50度500ML古井经典老窖红款双瓶装,"2019-10-23 16:56:12",启用,100053702,通色,1,度数,1,"1000537	","1000537	",50度500ML古井经典老窖红款,"通色	","1	","度数	","1	",1.00,2,2.00
100040302,55度500ML古井贡酒--普箱双瓶装,"2019-10-23 16:56:12",启用,100040302,通色,1,度数,1,"1000403	","1000403	",55度500ML古井贡酒--普箱,"通色	","1	","度数	","1	",1.00,2,2.00
100033002,45度500ML古井贡酒1979双瓶装,"2019-10-23 16:56:12",启用,100033002,通色,1,度数,1,"1000330	","1000330	",45度500ML古井贡酒1979,"通色	","1	","度数	","1	",1.00,2,2.00
100033202,40.6度500ML古井贡酒1989双瓶装,"2019-10-23 16:56:12",启用,100033202,通色,1,度数,1,"1000332	","1000332	",40.6度500ML古井贡酒1989,"通色	","1	","度数	","1	",1.00,2,2.00
100077802,38度425ML原浆献礼双瓶装,"2019-10-23 16:56:12",启用,100077802,通色,1,度数,1,"1000778	","1000778	",38度425ML原浆献礼,"通色	","1	","度数	","1	",1.00,2,2.00
100077402,37度500ML三十七度（-）亳菊酒(新款)双瓶装,"2019-10-23 16:56:12",启用,100077402,通色,1,度数,1,"1000774	","1000774	",37度500ML三十七度（-）亳菊酒(新款),"通色	","1	","度数	","1	",1.00,2,2.00
100077302,37度500ML三十七度（+）亳菊酒双瓶装,"2019-10-23 16:56:12",启用,100077302,通色,1,度数,1,"1000773	","1000773	",37度500ML三十七度（+）亳菊酒,"通色	","1	","度数	","1	",1.00,2,2.00
100033702,45度500ML1979(纸盒版)双瓶装,"2019-10-23 16:56:12",启用,100033702,通色,1,度数,1,"1000337	","1000337	",45度500ML1979(纸盒版),"通色	","1	","度数	","1	",1.00,2,2.00
100033602,55度500ML1963(纸盒版)双瓶装,"2019-10-23 16:56:12",启用,100033602,通色,1,度数,1,"1000336	","1000336	",55度500ML1963(纸盒版),"通色	","1	","度数	","1	",1.00,2,2.00
100035202,50度500ML淡雅古井贡酒V6双瓶装,"2019-10-23 16:56:12",启用,100035202,通色,1,度数,1,"1000352	","1000352	",50度500ML淡雅古井贡酒V6,"通色	","1	","度数	","1	",1.00,2,2.00
100054702,50度500ML古井天地醉双瓶装,"2019-10-23 16:56:12",启用,100054702,通色,1,度数,1,"1000547	","1000547	",50度500ML古井天地醉,"通色	","1	","度数	","1	",1.00,2,2.00
100053002,50度500ML古井醇香--红瓶双瓶装,"2019-10-23 16:56:12",启用,100053002,通色,1,度数,1,"1000530	","1000530	",50度500ML古井醇香--红瓶,"通色	","1	","度数	","1	",1.00,2,2.00
100052902,50度500ML古井醇香双瓶装,"2019-10-23 16:56:12",启用,100052902,通色,1,度数,1,"1000529	","1000529	",50度500ML古井醇香,"通色	","1	","度数	","1	",1.00,2,2.00
100038902,50度500ML古井贡酒经典双瓶装,"2019-10-23 16:56:12",启用,100038902,通色,1,度数,1,"1000389	","1000389	",50度500ML古井贡酒经典,"通色	","1	","度数	","1	",1.00,2,2.00
100038902,50度500ML古井贡酒经典双瓶装,"2019-10-23 16:56:12",启用,100038902,通色,1,度数,1,"STD111	","STD111	",通用手提袋,"通色	","1	","度数	","1	",0.00,1,2.00
100038702,45度500ML古井贡酒经典双瓶装,"2019-10-23 16:56:12",启用,100038702,通色,1,度数,1,"1000387	","1000387	",45度500ML古井贡酒经典,"通色	","1	","度数	","1	",1.00,2,2.00
100038702,45度500ML古井贡酒经典双瓶装,"2019-10-23 16:56:12",启用,100038702,通色,1,度数,1,"STD111	","STD111	",通用手提袋,"通色	","1	","度数	","1	",0.00,1,2.00
100033502,50度500ML古井贡酒1989双瓶装,"2019-10-23 16:56:12",启用,100033502,通色,1,度数,1,"1000335	","1000335	",50度500ML古井贡酒1989,"通色	","1	","度数	","1	",1.00,2,2.00
100033302,45度500ML古井贡酒1989双瓶装,"2019-10-23 16:56:12",启用,100033302,通色,1,度数,1,"1000333	","1000333	",45度500ML古井贡酒1989,"通色	","1	","度数	","1	",1.00,2,2.00
100041002,50度750ML古井贡酒老玻贡双瓶装,"2019-10-23 16:56:12",启用,100041002,通色,1,度数,1,"1000410	","1000410	",50度750ML古井贡酒老玻贡,"通色	","1	","度数	","1	",1.00,2,2.00
100069702,50度750ML古井粮液双瓶装,"2019-10-23 16:56:12",启用,100069702,通色,1,度数,1,"1000697	","1000697	",50度750ML古井粮液,"通色	","1	","度数	","1	",1.00,2,2.00
100048402,50度500ML古井贡酒世博梦梦双瓶装,"2019-10-23 16:56:12",启用,100048402,通色,1,度数,1,"1000484	","1000484	",50度500ML古井贡酒世博梦梦,"通色	","1	","度数	","1	",1.00,2,2.00
100049702,55度750ML古井贡酒和和双瓶装,"2019-10-23 16:56:12",启用,100049702,通色,1,度数,1,"1000497	","1000497	",55度750ML古井贡酒和和,"通色	","1	","度数	","1	",1.00,2,2.00
100031602,45度700ML岁月经典5年陈酿--年轮版双瓶装,"2019-10-23 16:56:12",启用,100031602,通色,1,度数,1,"1000316	","1000316	",45度700ML岁月经典5年陈酿--年轮版,"通色	","1	","度数	","1	",1.00,2,2.00
100048302,50度500ML60年窖龄酒双瓶装,"2019-10-23 16:56:12",启用,100048302,通色,1,度数,1,"1000483	","1000483	",50度500ML60年窖龄酒,"通色	","1	","度数	","1	",1.00,2,2.00
100048202,50度500ML30年窖龄酒双瓶装,"2019-10-23 16:56:12",启用,100048202,通色,1,度数,1,"1000482	","1000482	",50度500ML30年窖龄酒,"通色	","1	","度数	","1	",1.00,2,2.00
100030502,45度750ML哈萨克斯坦世博会纪念酒双瓶装,"2019-10-23 16:56:12",启用,100030502,通色,1,度数,1,"1000305	","1000305	",45度750ML哈萨克斯坦世博会纪念酒,"通色	","1	","度数	","1	",1.00,2,2.00
100020802,52度500ML中国香古20双瓶装,"2019-10-23 16:56:12",启用,100020802,通色,1,度数,1,"1000208	","1000208	",52度500ML中国香古20,"通色	","1	","度数	","1	",1.00,2,2.00
100020302,42度500ML中国香古20双瓶装,"2019-10-23 16:56:12",启用,100020302,通色,1,度数,1,"1000203	","1000203	",42度500ML中国香古20,"通色	","1	","度数	","1	",1.00,2,2.00
100016602,50度500ML中国香古8双瓶装,"2019-10-23 16:56:12",启用,100016602,通色,1,度数,1,"1000166	","1000166	",50度500ML中国香古8,"通色	","1	","度数	","1	",1.00,2,2.00
100013502,50度500ML中国香古7双瓶装,"2019-10-23 16:56:12",启用,100013502,通色,1,度数,1,"1000135	","1000135	",50度500ML中国香古7,"通色	","1	","度数	","1	",1.00,2,2.00
100021902,52度500ML古26（新款）双瓶装,"2019-10-23 16:56:12",启用,100021902,通色,1,度数,1,"1000219	","1000219	",52度500ML古26（新款）,"通色	","1	","度数	","1	",1.00,2,2.00
100019302,50度500ML古16（新款）双瓶装,"2019-10-23 16:56:12",启用,100019302,通色,1,度数,1,"1000193	","1000193	",50度500ML古16（新款）,"通色	","1	","度数	","1	",1.00,2,2.00
100017702,42度500ML古16（新款）双瓶装,"2019-10-23 16:56:12",启用,100017702,通色,1,度数,1,"1000177	","1000177	",42度500ML古16（新款）,"通色	","1	","度数	","1	",1.00,2,2.00
100011102,50度500ML原浆5年双瓶装,"2019-10-23 16:56:12",启用,100011102,通色,1,度数,1,"1000111	","1000111	",50度500ML原浆5年,"通色	","1	","度数	","1	",1.00,2,2.00
100010702,45度500ML原浆5年双瓶装,"2019-10-23 16:56:12",启用,100010702,通色,1,度数,1,"1000107	","1000107	",45度500ML原浆5年,"通色	","1	","度数	","1	",1.00,2,2.00
100008402,50度500ML原浆幸福版双瓶装,"2019-10-23 16:56:12",启用,100008402,通色,1,度数,1,"1000084	","1000084	",50度500ML原浆幸福版,"通色	","1	","度数	","1	",1.00,2,2.00
100002302,50度500ML原浆献礼双瓶装,"2019-10-23 16:56:12",启用,100002302,通色,1,度数,1,"1000023	","1000023	",50度500ML原浆献礼,"通色	","1	","度数	","1	",1.00,2,2.00
100001802,45度500ML原浆献礼双瓶装,"2019-10-23 16:56:12",启用,100001802,通色,1,度数,1,"1000018	","1000018	",45度500ML原浆献礼,"通色	","1	","度数	","1	",1.00,2,2.00
100018002,45度250ML原浆古16双瓶装,"2019-10-23 16:56:12",启用,100018002,通色,1,度数,1,"1000180	","1000180	",45度250ML原浆古16,"通色	","1	","度数	","1	",1.00,2,2.00
100010602,45度250ML小古5双瓶装,"2019-10-23 16:56:12",启用,100010602,通色,1,度数,1,"1000106	","1000106	",45度250ML小古5,"通色	","1	","度数	","1	",1.00,2,2.00
100006802,50度250ML小幸福版双瓶装,"2019-10-23 16:56:12",启用,100006802,通色,1,度数,1,"1000068	","1000068	",50度250ML小幸福版,"通色	","1	","度数	","1	",1.00,2,2.00
100002002,50度250ML小献礼版双瓶装,"2019-10-23 16:56:12",启用,100002002,通色,1,度数,1,"1000020	","1000020	",50度250ML小献礼版,"通色	","1	","度数	","1	",1.00,2,2.00
100002102,50度375ML原浆献礼(大版)双瓶装,"2019-10-23 16:56:12",启用,100002102,通色,1,度数,1,"1000021	","1000021	",50度375ML原浆献礼(大版),"通色	","1	","度数	","1	",1.00,2,2.00
100014102,42度425ML原浆古8双瓶装,"2019-10-23 16:56:12",启用,100014102,通色,1,度数,1,"1000141	","1000141	",42度425ML原浆古8,"通色	","1	","度数	","1	",1.00,2,2.00
100009002,40.6度425ML古5铁盒版双瓶装,"2019-10-23 16:56:12",启用,100009002,通色,1,度数,1,"1000090	","1000090	",40.6度425ML古5铁盒版,"通色	","1	","度数	","1	",1.00,2,2.00
100035402,40.6度500ML古井贡酒V9双瓶装,"2019-10-23 16:56:12",启用,100035402,通色,1,度数,1,"1000354	","1000354	",40.6度500ML古井贡酒V9,"通色	","1	","度数	","1	",1.00,2,2.00
100034302,40.6度500ML淡雅古井贡酒V6双瓶装,"2019-10-23 16:56:12",启用,100034302,通色,1,度数,1,"1000343	","1000343	",40.6度500ML淡雅古井贡酒V6,"通色	","1	","度数	","1	",1.00,2,2.00
100058002,42度130ML小子贺岁版手提装酒双瓶装,"2019-10-23 16:56:12",启用,100058002,通色,1,度数,1,"1000580	","1000580	",42度130ML小子贺岁版手提装酒,"通色	","1	","度数	","1	",1.00,2,2.00
100000202,40.6度425ML原浆献礼双瓶装,"2019-10-23 16:56:12",启用,100000202,通色,1,度数,1,"1000002	","1000002	",40.6度425ML原浆献礼,"通色	","1	","度数	","1	",1.00,2,2.00
100068606,42度500ML中国强四星整箱,"2019-10-23 16:56:12",启用,100068606,通色,1,度数,1,"1000686	","1000686	",42度500ML中国强四星,"通色	","1	","度数	","1	",1.00,6,6.00
100068706,50度500ML中国强四星整箱,"2019-10-23 16:56:12",启用,100068706,通色,1,度数,1,"1000687	","1000687	",50度500ML中国强四星,"通色	","1	","度数	","1	",1.00,6,6.00
100068306,50度500ML中国强三星整箱,"2019-10-23 16:56:12",启用,100068306,通色,1,度数,1,"1000683	","1000683	",50度500ML中国强三星,"通色	","1	","度数	","1	",1.00,6,6.00
100068206,42度500ML中国强三星整箱,"2019-10-23 16:56:12",启用,100068206,通色,1,度数,1,"1000682	","1000682	",42度500ML中国强三星,"通色	","1	","度数	","1	",1.00,6,6.00
100014104,42度425ML原浆古8整箱,"2019-10-23 16:56:12",启用,100014104,通色,1,度数,1,"1000141	","1000141	",42度425ML原浆古8,"通色	","1	","度数	","1	",1.00,4,4.00
100009004,40.6度425ML古5铁盒版整箱,"2019-10-23 16:56:12",启用,100009004,通色,1,度数,1,"1000090	","1000090	",40.6度425ML古5铁盒版,"通色	","1	","度数	","1	",1.00,4,4.00
100006606,45度500ML原浆幸福版整箱,"2019-10-23 16:56:12",启用,100006606,通色,1,度数,1,"1000066	","1000066	",45度500ML幸福版,"通色	","1	","度数	","1	",1.00,6,6.00
100053706,50度500ML古井经典老窖红款整箱,"2019-10-23 16:56:12",启用,100053706,通色,1,度数,1,"1000537	","1000537	",50度500ML古井经典老窖红款,"通色	","1	","度数	","1	",1.00,6,6.00
100104104,42度150ML贯蛋酒整箱,"2019-10-23 16:56:12",启用,100104104,通色,1,度数,1,"1001041	","1001041	",42度150ML贯蛋酒,"通色	","1	","度数	","1	",1.00,4,4.00
100069020,45度250ML古井大曲整箱,"2019-10-23 16:56:12",启用,100069020,通色,1,度数,1,"1000690	","1000690	",45度250ML古井大曲,"通色	","1	","度数	","1	",1.00,20,20.00
100040306,55度500ML古井贡酒--普箱整箱,"2019-10-23 16:56:12",启用,100040306,通色,1,度数,1,"1000403	","1000403	",55度500ML古井贡酒--普箱,"通色	","1	","度数	","1	",1.00,6,6.00
100033006,45度500ML古井贡酒1979整箱,"2019-10-23 16:56:12",启用,100033006,通色,1,度数,1,"1000330	","1000330	",45度500ML古井贡酒1979,"通色	","1	","度数	","1	",1.00,6,6.00
100033206,40.6度500ML古井贡酒1989整箱,"2019-10-23 16:56:12",启用,100033206,通色,1,度数,1,"1000332	","1000332	",40.6度500ML古井贡酒1989,"通色	","1	","度数	","1	",1.00,6,6.00
100077806,38度425ML原浆献礼整箱,"2019-10-23 16:56:12",启用,100077806,通色,1,度数,1,"1000778	","1000778	",38度425ML原浆献礼,"通色	","1	","度数	","1	",1.00,6,6.00
100076812,69度125ML小原酒整箱,"2019-10-23 16:56:12",启用,100076812,通色,1,度数,1,"1000768	","1000768	",69度125ML小原酒,"通色	","1	","度数	","1	",1.00,12,12.00
100037612,50度125ML红运小酒整箱,"2019-10-23 16:56:12",启用,100037612,通色,1,度数,1,"1000376	","1000376	",50度125ML红运小酒,"通色	","1	","度数	","1	",1.00,12,12.00
100018412,50度100ML16年原浆小酒--简易袋装版整箱,"2019-10-23 16:56:12",启用,100018412,通色,1,度数,1,"1000184	","1000184	",50度100ML16年原浆小酒--简易袋装版,"通色	","1	","度数	","1	",1.00,12,12.00
100027312,45度100ML8年原浆小酒--手提袋简装版整箱,"2019-10-23 16:56:12",启用,100027312,通色,1,度数,1,"1000273	","1000273	",45度100ML年份原浆小酒,"通色	","1	","度数	","1	",1.00,12,12.00
100008712,40.6度100ML古井贡酒年份原浆古5整箱,"2019-10-23 16:56:12",启用,100008712,通色,1,度数,1,"1000087	","1000087	",40.6度100ML古井贡酒年份原浆古5,"通色	","1	","度数	","1	",1.00,12,12.00
100006412,45度100ML古井贡酒原浆幸福版整箱,"2019-10-23 16:56:12",启用,100006412,通色,1,度数,1,"1000064	","1000064	",45度100ML古井贡酒原浆幸福版,"通色	","1	","度数	","1	",1.00,12,12.00
100000112,40.6度100ML古井贡酒原浆献礼版整箱,"2019-10-23 16:56:12",启用,100000112,通色,1,度数,1,"1000001	","1000001	",40.6度100ML古井贡酒原浆献礼版,"通色	","1	","度数	","1	",1.00,12,12.00
100105012,50度125ML秋季开酿纪念酒整箱,"2019-10-23 16:56:12",启用,100105012,通色,1,度数,1,"1001050	","1001050	",50度125ML秋季开酿纪念酒,"通色	","1	","度数	","1	",1.00,12,12.00
100076924,37度125ML小亳菊（新版透明瓶）整箱,"2019-10-23 16:56:12",启用,100076924,通色,1,度数,1,"1000769	","1000769	",37度125ML小亳菊（新版透明瓶）,"通色	","1	","度数	","1	",1.00,24,24.00
100105524,37度125ML三十七度亳菊酒整箱,"2019-10-23 16:56:12",启用,100105524,通色,1,度数,1,"1001055	","1001055	",37度125ML三十七度亳菊酒,"通色	","1	","度数	","1	",1.00,24,24.00
100077004,37度500ML三十七（-）亳菊酒4瓶装整箱,"2019-10-23 16:56:12",启用,100077004,通色,1,度数,1,"1000770	","1000770	",37度500ML三十七（-）亳菊酒4瓶装,"通色	","1	","度数	","1	",1.00,4,4.00
100077406,37度500ML三十七度（-）亳菊酒(新款)整箱,"2019-10-23 16:56:12",启用,100077406,通色,1,度数,1,"1000774	","1000774	",37度500ML三十七度（-）亳菊酒(新款),"通色	","1	","度数	","1	",1.00,6,6.00
100077306,37度500ML三十七度（+）亳菊酒整箱,"2019-10-23 16:56:12",启用,100077306,通色,1,度数,1,"1000773	","1000773	",37度500ML三十七度（+）亳菊酒,"通色	","1	","度数	","1	",1.00,6,6.00
100033706,45度500ML1979(纸盒版)整箱,"2019-10-23 16:56:12",启用,100033706,通色,1,度数,1,"1000337	","1000337	",45度500ML1979(纸盒版),"通色	","1	","度数	","1	",1.00,6,6.00
100033606,55度500ML1963(纸盒版)整箱,"2019-10-23 16:56:12",启用,100033606,通色,1,度数,1,"1000336	","1000336	",55度500ML1963(纸盒版),"通色	","1	","度数	","1	",1.00,6,6.00
100089602,50度2.5L古井贡酒V9整箱,"2019-10-23 16:56:12",启用,100089602,通色,1,度数,1,"1000896	","1000896	",50度2.5L古井贡酒V9,"通色	","1	","度数	","1	",1.00,2,2.00
100035404,40.6度500ML古井贡酒V9整箱,"2019-10-23 16:56:12",启用,100035404,通色,1,度数,1,"1000354	","1000354	",40.6度500ML古井贡酒V9,"通色	","1	","度数	","1	",1.00,4,4.00
100035206,50度500ML淡雅古井贡酒V6整箱,"2019-10-23 16:56:12",启用,100035206,通色,1,度数,1,"1000352	","1000352	",50度500ML淡雅古井贡酒V6,"通色	","1	","度数	","1	",1.00,6,6.00
100034304,40.6度500ML淡雅古井贡酒V6整箱,"2019-10-23 16:56:12",启用,100034304,通色,1,度数,1,"1000343	","1000343	",40.6度500ML淡雅古井贡酒V6,"通色	","1	","度数	","1	",1.00,4,4.00
100100103,45度500ML古井礼品酒4瓶装整箱,"2019-10-23 16:56:12",启用,100100103,通色,1,度数,1,"1001001	","1001001	",45度500ML古井礼品酒4瓶装,"通色	","1	","度数	","1	",1.00,3,3.00
100054706,50度500ML古井天地醉整箱,"2019-10-23 16:56:12",启用,100054706,通色,1,度数,1,"1000547	","1000547	",50度500ML古井天地醉,"通色	","1	","度数	","1	",1.00,6,6.00
100053006,50度500ML古井醇香--红瓶整箱,"2019-10-23 16:56:12",启用,100053006,通色,1,度数,1,"1000530	","1000530	",50度500ML古井醇香--红瓶,"通色	","1	","度数	","1	",1.00,6,6.00
100052906,50度500ML古井醇香整箱,"2019-10-23 16:56:12",启用,100052906,通色,1,度数,1,"1000529	","1000529	",50度500ML古井醇香,"通色	","1	","度数	","1	",1.00,6,6.00
100038906,50度500ML古井贡酒经典整箱,"2019-10-23 16:56:12",启用,100038906,通色,1,度数,1,"1000389	","1000389	",50度500ML古井贡酒经典,"通色	","1	","度数	","1	",1.00,6,6.00
100038906,50度500ML古井贡酒经典整箱,"2019-10-23 16:56:12",启用,100038906,通色,1,度数,1,"STD111	","STD111	",通用手提袋,"通色	","1	","度数	","1	",0.00,3,6.00
100038706,45度500ML古井贡酒经典整箱,"2019-10-23 16:56:12",启用,100038706,通色,1,度数,1,"1000387	","1000387	",45度500ML古井贡酒经典,"通色	","1	","度数	","1	",1.00,6,6.00
100038706,45度500ML古井贡酒经典整箱,"2019-10-23 16:56:12",启用,100038706,通色,1,度数,1,"STD111	","STD111	",通用手提袋,"通色	","1	","度数	","1	",0.00,3,6.00
100033506,50度500ML古井贡酒1989整箱,"2019-10-23 16:56:12",启用,100033506,通色,1,度数,1,"1000335	","1000335	",50度500ML古井贡酒1989,"通色	","1	","度数	","1	",1.00,6,6.00
100033306,45度500ML古井贡酒1989整箱,"2019-10-23 16:56:12",启用,100033306,通色,1,度数,1,"1000333	","1000333	",45度500ML古井贡酒1989,"通色	","1	","度数	","1	",1.00,6,6.00
100041006,50度750ML古井贡酒老玻贡整箱,"2019-10-23 16:56:12",启用,100041006,通色,1,度数,1,"1000410	","1000410	",50度750ML古井贡酒老玻贡,"通色	","1	","度数	","1	",1.00,6,6.00
100069706,50度750ML古井粮液整箱,"2019-10-23 16:56:12",启用,100069706,通色,1,度数,1,"1000697	","1000697	",50度750ML古井粮液,"通色	","1	","度数	","1	",1.00,6,6.00
100048406,50度500ML古井贡酒世博梦梦整箱,"2019-10-23 16:56:12",启用,100048406,通色,1,度数,1,"1000484	","1000484	",50度500ML古井贡酒世博梦梦,"通色	","1	","度数	","1	",1.00,6,6.00
100049706,55度750ML古井贡酒和和整箱,"2019-10-23 16:56:12",启用,100049706,通色,1,度数,1,"1000497	","1000497	",55度750ML古井贡酒和和,"通色	","1	","度数	","1	",1.00,6,6.00
100031606,45度700ML岁月经典5年陈酿--年轮版整箱,"2019-10-23 16:56:12",启用,100031606,通色,1,度数,1,"1000316	","1000316	",45度700ML岁月经典5年陈酿--年轮版,"通色	","1	","度数	","1	",1.00,6,6.00
100048306,50度500ML60年窖龄酒整箱,"2019-10-23 16:56:12",启用,100048306,通色,1,度数,1,"1000483	","1000483	",50度500ML60年窖龄酒,"通色	","1	","度数	","1	",1.00,6,6.00
100048206,50度500ML30年窖龄酒整箱,"2019-10-23 16:56:12",启用,100048206,通色,1,度数,1,"1000482	","1000482	",50度500ML30年窖龄酒,"通色	","1	","度数	","1	",1.00,6,6.00
100058004,42度130ML小子贺岁版手提装酒整箱,"2019-10-23 16:56:12",启用,100058004,通色,1,度数,1,"1000580	","1000580	",42度130ML小子贺岁版手提装酒,"通色	","1	","度数	","1	",1.00,4,4.00
100057712,42小子酒贺岁版--卡盒整箱,"2019-10-23 16:56:12",启用,100057712,通色,1,度数,1,"1000577	","1000577	",42小子酒贺岁版--卡盒,"通色	","1	","度数	","1	",1.00,12,12.00
100057612,42小子酒贺岁版--光瓶整箱,"2019-10-23 16:56:12",启用,100057612,通色,1,度数,1,"1000576	","1000576	",42小子酒贺岁版--光瓶,"通色	","1	","度数	","1	",1.00,12,12.00
100057812,42度130ML古井小子酒卡盒装整箱,"2019-10-23 16:56:12",启用,100057812,通色,1,度数,1,"1000578	","1000578	",42度130ML古井小子酒卡盒装,"通色	","1	","度数	","1	",1.00,12,12.00
100057904,42度130ML古井小子酒礼盒装整箱,"2019-10-23 16:56:12",启用,100057904,通色,1,度数,1,"1000579	","1000579	",42度130ML古井小子酒礼盒装,"通色	","1	","度数	","1	",1.00,4,4.00
100057512,42度130ML古井小子酒光瓶装整箱,"2019-10-23 16:56:12",启用,100057512,通色,1,度数,1,"1000575	","1000575	",42度130ML古井小子酒光瓶装,"通色	","1	","度数	","1	",1.00,12,12.00
100030703,50度500ML2019春晚纪念酒整箱,"2019-10-23 16:56:12",启用,100030703,通色,1,度数,1,"1000307	","1000307	",50度500ML2019春晚纪念酒,"通色	","1	","度数	","1	",1.00,3,3.00
100030506,45度750ML哈萨克斯坦世博会纪念酒整箱,"2019-10-23 16:56:12",启用,100030506,通色,1,度数,1,"1000305	","1000305	",45度750ML哈萨克斯坦世博会纪念酒,"通色	","1	","度数	","1	",1.00,6,6.00
100025604,50度500ML古16大礼盒整箱,"2019-10-23 16:56:12",启用,100025604,通色,1,度数,1,"1000256	","1000256	",50度500ML古16大礼盒,"通色	","1	","度数	","1	",1.00,4,4.00
100025404,45度425ML古8大礼盒整箱,"2019-10-23 16:56:12",启用,100025404,通色,1,度数,1,"1000254	","1000254	",45度425ML古8大礼盒,"通色	","1	","度数	","1	",1.00,4,4.00
100085204,40.6度425ML古5大礼盒整箱,"2019-10-23 16:56:12",启用,100085204,通色,1,度数,1,"1000852	","1000852	",40.6度425ML5年大礼盒,"通色	","1	","度数	","1	",1.00,4,4.00
100020806,52度500ML中国香古20整箱,"2019-10-23 16:56:12",启用,100020806,通色,1,度数,1,"1000208	","1000208	",52度500ML中国香古20,"通色	","1	","度数	","1	",1.00,6,6.00
100020306,42度500ML中国香古20整箱,"2019-10-23 16:56:12",启用,100020306,通色,1,度数,1,"1000203	","1000203	",42度500ML中国香古20,"通色	","1	","度数	","1	",1.00,6,6.00
100016606,50度500ML中国香古8整箱,"2019-10-23 16:56:12",启用,100016606,通色,1,度数,1,"1000166	","1000166	",50度500ML中国香古8,"通色	","1	","度数	","1	",1.00,6,6.00
100013506,50度500ML中国香古7整箱,"2019-10-23 16:56:12",启用,100013506,通色,1,度数,1,"1000135	","1000135	",50度500ML中国香古7,"通色	","1	","度数	","1	",1.00,6,6.00
100021906,52度500ML古26（新款）整箱,"2019-10-23 16:56:12",启用,100021906,通色,1,度数,1,"1000219	","1000219	",52度500ML古26（新款）,"通色	","1	","度数	","1	",1.00,6,6.00
100019306,50度500ML古16（新款）整箱,"2019-10-23 16:56:12",启用,100019306,通色,1,度数,1,"1000193	","1000193	",50度500ML古16（新款）,"通色	","1	","度数	","1	",1.00,6,6.00
100017706,42度500ML古16（新款）整箱,"2019-10-23 16:56:12",启用,100017706,通色,1,度数,1,"1000177	","1000177	",42度500ML古16（新款）,"通色	","1	","度数	","1	",1.00,6,6.00
100011106,50度500ML原浆5年整箱,"2019-10-23 16:56:12",启用,100011106,通色,1,度数,1,"1000111	","1000111	",50度500ML原浆5年,"通色	","1	","度数	","1	",1.00,6,6.00
100010706,45度500ML原浆5年整箱,"2019-10-23 16:56:12",启用,100010706,通色,1,度数,1,"1000107	","1000107	",45度500ML原浆5年,"通色	","1	","度数	","1	",1.00,6,6.00
100008406,50度500ML原浆幸福版整箱,"2019-10-23 16:56:12",启用,100008406,通色,1,度数,1,"1000084	","1000084	",50度500ML原浆幸福版,"通色	","1	","度数	","1	",1.00,6,6.00
100002306,50度500ML原浆献礼整箱,"2019-10-23 16:56:12",启用,100002306,通色,1,度数,1,"1000023	","1000023	",50度500ML原浆献礼,"通色	","1	","度数	","1	",1.00,6,6.00
100001806,45度500ML原浆献礼整箱,"2019-10-23 16:56:12",启用,100001806,通色,1,度数,1,"1000018	","1000018	",45度500ML原浆献礼,"通色	","1	","度数	","1	",1.00,6,6.00
100000204,40.6度425ML原浆献礼整箱,"2019-10-23 16:56:12",启用,100000204,通色,1,度数,1,"1000002	","1000002	",40.6度425ML原浆献礼,"通色	","1	","度数	","1	",1.00,4,4.00
100018006,45度250ML原浆古16整箱,"2019-10-23 16:56:12",启用,100018006,通色,1,度数,1,"1000180	","1000180	",45度250ML原浆古16,"通色	","1	","度数	","1	",1.00,6,6.00
100010606,45度250ML小古5整箱,"2019-10-23 16:56:12",启用,100010606,通色,1,度数,1,"1000106	","1000106	",45度250ML小古5,"通色	","1	","度数	","1	",1.00,6,6.00
100006806,50度250ML小幸福版整箱,"2019-10-23 16:56:12",启用,100006806,通色,1,度数,1,"1000068	","1000068	",50度250ML小幸福版,"通色	","1	","度数	","1	",1.00,6,6.00
100002006,50度250ML小献礼版整箱,"2019-10-23 16:56:12",启用,100002006,通色,1,度数,1,"1000020	","1000020	",50度250ML小献礼版,"通色	","1	","度数	","1	",1.00,6,6.00
100002106,50度375ML原浆献礼(大版)整箱,"2019-10-23 16:56:12",启用,100002106,通色,1,度数,1,"1000021	","1000021	",50度375ML原浆献礼(大版),"通色	","1	","度数	","1	",1.00,6,6.00
H1422506H1808006,"黄鹤楼酒 一楼*6瓶+H6*6瓶","2019-08-31 08:32:43",启用,H1422506H1808006,通色,1,度数,1,"H14225	","H14225	",52°500ml黄鹤楼酒一楼升级版,"通色	","1	","度数	","1	",1.00,6,12.00
H1422506H1808006,"黄鹤楼酒 一楼*6瓶+H6*6瓶","2019-08-31 08:32:43",启用,H1422506H1808006,通色,1,度数,1,"H18080	","H18080	",53度500ML清香型黄鹤楼酒经典H6,"通色	","1	","度数	","1	",1.00,6,12.00
H1422506H1101406,一楼+生态6各一箱,"2019-08-29 10:17:50",启用,H1422506H1101406,通色,1,度数,1,"H14225	","H14225	",52°500ml黄鹤楼酒一楼升级版,"通色	","1	","度数	","1	",1.00,6,12.00
H1422506H1101406,一楼+生态6各一箱,"2019-08-29 10:17:50",启用,H1422506H1101406,通色,1,度数,1,"H11014	","H11014	",42°500ml兼香黄鹤楼6生态原浆酒,"通色	","1	","度数	","1	",1.00,6,12.00
H1422501H1101401,一楼+生态6各一瓶,"2019-08-29 10:17:50",启用,H1422501H1101401,通色,1,度数,1,"H14225	","H14225	",52°500ml黄鹤楼酒一楼升级版,"通色	","1	","度数	","1	",1.00,1,2.00
H1422501H1101401,一楼+生态6各一瓶,"2019-08-29 10:17:50",启用,H1422501H1101401,通色,1,度数,1,"H11014	","H11014	",42°500ml兼香黄鹤楼6生态原浆酒,"通色	","1	","度数	","1	",1.00,1,2.00
H1101406H1502606,"42度500ml生态6箱装+黄鹤楼135 1箱","2019-07-09 09:41:53",启用,H1101406H1502606,通色,1,度数,1,"H11014	","H11014	",42°500ml兼香黄鹤楼6生态原浆酒,"通色	","1	","度数	","1	",7.00,6,60.00
H1101406H1502606,"42度500ml生态6箱装+黄鹤楼135 1箱","2019-07-09 09:41:53",启用,H1101406H1502606,通色,1,度数,1,"H15026	","H15026	",42度500ML小黄鹤楼135酒,"通色	","1	","度数	","1	",3.00,6,60.00
H1422501H1422601H1422701,52度500ml一楼*1瓶+三楼*1瓶+五楼*1瓶,"2019-05-27 11:31:45",启用,H1422501H1422601H1422701,通色,1,度数,1,"H14225	","H14225	",52°500ml黄鹤楼酒一楼升级版,"通色	","1	","度数	","1	",1.00,1,3.00
H1422501H1422601H1422701,52度500ml一楼*1瓶+三楼*1瓶+五楼*1瓶,"2019-05-27 11:31:45",启用,H1422501H1422601H1422701,通色,1,度数,1,"H14226	","H14226	",52°500ml黄鹤楼酒三楼升级版,"通色	","1	","度数	","1	",1.00,1,3.00
H1422501H1422601H1422701,52度500ml一楼*1瓶+三楼*1瓶+五楼*1瓶,"2019-05-27 11:31:45",启用,H1422501H1422601H1422701,通色,1,度数,1,"H14227	","H14227	",52°500ml黄鹤楼酒五楼升级版,"通色	","1	","度数	","1	",1.00,1,3.00
H1422501H1401001H1422701,52度500ml一楼*1瓶+三楼*1瓶+五楼*1瓶,"2019-05-27 10:54:13",启用,H1422501H1401001H1422701,通色,1,度数,1,"H14225	","H14225	",52°500ml黄鹤楼酒一楼升级版,"通色	","1	","度数	","1	",1.00,1,3.00
H1422501H1401001H1422701,52度500ml一楼*1瓶+三楼*1瓶+五楼*1瓶,"2019-05-27 10:54:13",启用,H1422501H1401001H1422701,通色,1,度数,1,"H14010	","H14010	",52度500ML黄鹤楼酒三楼,"通色	","1	","度数	","1	",1.00,1,3.00
H1422501H1401001H1422701,52度500ml一楼*1瓶+三楼*1瓶+五楼*1瓶,"2019-05-27 10:54:13",启用,H1422501H1401001H1422701,通色,1,度数,1,"H14227	","H14227	",52°500ml黄鹤楼酒五楼升级版,"通色	","1	","度数	","1	",1.00,1,3.00
130394011303910113032801,50度500ML1989单瓶+45度500ML1979单瓶+55度500ML1963单瓶,"2019-05-23 16:37:41",启用,130394011303910113032801,通色,1,度数,1,"130394	","130394	",55度500ML1963(纸盒版),"通色	","1	","度数	","1	",8.00,1,15.00
130394011303910113032801,50度500ML1989单瓶+45度500ML1979单瓶+55度500ML1963单瓶,"2019-05-23 16:37:41",启用,130394011303910113032801,通色,1,度数,1,"130391	","130391	",45度500ML1979(纸盒版),"通色	","1	","度数	","1	",6.00,1,15.00
130394011303910113032801,50度500ML1989单瓶+45度500ML1979单瓶+55度500ML1963单瓶,"2019-05-23 16:37:41",启用,130394011303910113032801,通色,1,度数,1,"130328	","130328	",50度500ML古井贡酒1989,"通色	","1	","度数	","1	",1.00,1,15.00
H1502602,135黄鹤楼2瓶,"2019-04-17 15:58:23",启用,H1502602,通色,1,度数,1,"H15026	","H15026	",42度500ML小黄鹤楼135酒,"通色	","1	","度数	","1	",1.00,2,2.00
H1808001H1807901,黄鹤楼H9*1瓶+黄鹤楼H6*1瓶,"2019-01-12 15:14:05",启用,H1808001H1807901,通色,1,度数,1,"H18080	","H18080	",53度500ML清香型黄鹤楼酒经典H6,"通色	","1	","度数	","1	",6.00,1,10.00
H1808001H1807901,黄鹤楼H9*1瓶+黄鹤楼H6*1瓶,"2019-01-12 15:14:05",启用,H1808001H1807901,通色,1,度数,1,"H18079	","H18079	",53度500ML清香型黄鹤楼酒经典H9,"通色	","1	","度数	","1	",4.00,1,10.00
H1901406H1502606,黄鹤楼汉清酒*6瓶+小黄鹤楼135*6瓶,"2019-01-12 15:14:05",启用,H1901406H1502606,通色,1,度数,1,"H19014	","H19014	",52°500ml黄鹤楼汉清酒,"通色	","1	","度数	","1	",7.00,6,60.00
H1901406H1502606,黄鹤楼汉清酒*6瓶+小黄鹤楼135*6瓶,"2019-01-12 15:14:05",启用,H1901406H1502606,通色,1,度数,1,"H15026	","H15026	",42度500ML小黄鹤楼135酒,"通色	","1	","度数	","1	",3.00,6,60.00
H1200901H1201001,1979+1989单瓶,"2019-01-03 15:56:29",启用,H1200901H1201001,通色,1,度数,1,"H12009	","H12009	",42°500ml黄鹤楼陈香1979,"通色	","1	","度数	","1	",5.00,1,10.00
H1200901H1201001,1979+1989单瓶,"2019-01-03 15:56:29",启用,H1200901H1201001,通色,1,度数,1,"H12010	","H12010	",42°500ml黄鹤楼陈香1989,"通色	","1	","度数	","1	",5.00,1,10.00
H1101201H1101301,生态12+生态15单瓶,"2019-01-03 15:56:29",启用,H1101201H1101301,通色,1,度数,1,"H11012	","H11012	",42°500ml兼香黄鹤楼12生态原浆酒,"通色	","1	","度数	","1	",5.00,1,10.00
H1101201H1101301,生态12+生态15单瓶,"2019-01-03 15:56:29",启用,H1101201H1101301,通色,1,度数,1,"H11013	","H11013	",42°500ml兼香黄鹤楼15生态原浆酒,"通色	","1	","度数	","1	",5.00,1,10.00
H1808012,"H6  12瓶","2018-10-28 15:49:02",启用,H1808012,通色,1,度数,1,"H18080	","H18080	",53度500ML清香型黄鹤楼酒经典H6,"通色	","1	","度数	","1	",1.00,12,12.00
H1807901H1808001,H6+H9各一瓶,"2018-10-15 14:08:50",启用,H1807901H1808001,通色,1,度数,1,"H18079	","H18079	",53度500ML清香型黄鹤楼酒经典H9,"通色	","1	","度数	","1	",70.00,1,100.00
H1807901H1808001,H6+H9各一瓶,"2018-10-15 14:08:50",启用,H1807901H1808001,通色,1,度数,1,"H18080	","H18080	",53度500ML清香型黄鹤楼酒经典H6,"通色	","1	","度数	","1	",30.00,1,100.00
H14225H18080H11012,黄鹤楼一楼*1瓶+生态12*1瓶+H6*1瓶,"2018-10-09 10:56:15",启用,H14225H18080H11012,通色,1,度数,1,"H14225	","H14225	",52°500ml黄鹤楼酒一楼升级版,"通色	","1	","度数	","1	",128.00,1,495.00
H14225H18080H11012,黄鹤楼一楼*1瓶+生态12*1瓶+H6*1瓶,"2018-10-09 10:56:15",启用,H14225H18080H11012,通色,1,度数,1,"H18080	","H18080	",53度500ML清香型黄鹤楼酒经典H6,"通色	","1	","度数	","1	",199.00,1,495.00
H14225H18080H11012,黄鹤楼一楼*1瓶+生态12*1瓶+H6*1瓶,"2018-10-09 10:56:15",启用,H14225H18080H11012,通色,1,度数,1,"H11012	","H11012	",42°500ml兼香黄鹤楼12生态原浆酒,"通色	","1	","度数	","1	",168.00,1,495.00
H1110702,45°500ml兼香黄鹤楼20生态原浆酒,"2018-07-11 09:34:19",启用,H1110702,通色,1,度数,1,"H11107	","H11107	",45°500ml兼香黄鹤楼20生态原浆酒,"通色	","1	","度数	","1	",1.00,2,2.00
H1110706,45°500ml兼香黄鹤楼20生态原浆酒,"2018-07-11 09:34:19",启用,H1110706,通色,1,度数,1,"H11107	","H11107	",45°500ml兼香黄鹤楼20生态原浆酒,"通色	","1	","度数	","1	",1.00,6,6.00
H1802602,12°720ml桂花清酒,"2018-07-11 09:34:19",启用,H1802602,通色,1,度数,1,"H18026	","H18026	",12°720ml桂花清酒,"通色	","1	","度数	","1	",1.00,2,2.00
H1802606,12°720ml桂花清酒,"2018-07-11 09:34:19",启用,H1802606,通色,1,度数,1,"H18026	","H18026	",12°720ml桂花清酒,"通色	","1	","度数	","1	",1.00,6,6.00
H1401302,52度500ML黄鹤楼酒一楼,"2018-07-11 09:34:19",启用,H1401302,通色,1,度数,1,"H14013	","H14013	",52度500ML黄鹤楼酒一楼,"通色	","1	","度数	","1	",1.00,2,2.00
H1401306,52度500ML黄鹤楼酒一楼,"2018-07-11 09:34:19",启用,H1401306,通色,1,度数,1,"H14013	","H14013	",52度500ML黄鹤楼酒一楼,"通色	","1	","度数	","1	",1.00,6,6.00
H1401002,52度500ML黄鹤楼酒三楼,"2018-07-11 09:34:19",启用,H1401002,通色,1,度数,1,"H14010	","H14010	",52度500ML黄鹤楼酒三楼,"通色	","1	","度数	","1	",1.00,2,2.00
H1401006,52度500ML黄鹤楼酒三楼,"2018-07-11 09:34:19",启用,H1401006,通色,1,度数,1,"H14010	","H14010	",52度500ML黄鹤楼酒三楼,"通色	","1	","度数	","1	",1.00,6,6.00
H1205802,52°500ml黄鹤楼陈香大师酒,"2018-07-11 09:34:19",启用,H1205802,通色,1,度数,1,"H12058	","H12058	",52°500ml黄鹤楼陈香大师酒,"通色	","1	","度数	","1	",1.00,2,2.00
H1205806,52°500ml黄鹤楼陈香大师酒,"2018-07-11 09:34:19",启用,H1205806,通色,1,度数,1,"H12058	","H12058	",52°500ml黄鹤楼陈香大师酒,"通色	","1	","度数	","1	",1.00,6,6.00
H1901402,52°500ml黄鹤楼汉清酒,"2018-07-11 09:34:19",启用,H1901402,通色,1,度数,1,"H19014	","H19014	",52°500ml黄鹤楼汉清酒,"通色	","1	","度数	","1	",1.00,2,2.00
H1901406,52°500ml黄鹤楼汉清酒,"2018-07-11 09:34:19",启用,H1901406,通色,1,度数,1,"H19014	","H19014	",52°500ml黄鹤楼汉清酒,"通色	","1	","度数	","1	",1.00,6,6.00
H1422602,52°500ml黄鹤楼酒三楼升级版,"2018-07-11 09:34:19",启用,H1422602,通色,1,度数,1,"H14226	","H14226	",52°500ml黄鹤楼酒三楼升级版,"通色	","1	","度数	","1	",1.00,2,2.00
H1422606,52°500ml黄鹤楼酒三楼升级版,"2018-07-11 09:34:19",启用,H1422606,通色,1,度数,1,"H14226	","H14226	",52°500ml黄鹤楼酒三楼升级版,"通色	","1	","度数	","1	",1.00,6,6.00
H1422702,52°500ml黄鹤楼酒五楼升级版,"2018-07-11 09:34:19",启用,H1422702,通色,1,度数,1,"H14227	","H14227	",52°500ml黄鹤楼酒五楼升级版,"通色	","1	","度数	","1	",1.00,2,2.00
H1422706,52°500ml黄鹤楼酒五楼升级版,"2018-07-11 09:34:19",启用,H1422706,通色,1,度数,1,"H14227	","H14227	",52°500ml黄鹤楼酒五楼升级版,"通色	","1	","度数	","1	",1.00,6,6.00
H1422502,52°500ml黄鹤楼酒一楼升级版,"2018-07-11 09:34:19",启用,H1422502,通色,1,度数,1,"H14225	","H14225	",52°500ml黄鹤楼酒一楼升级版,"通色	","1	","度数	","1	",1.00,2,2.00
H1422506,52°500ml黄鹤楼酒一楼升级版,"2018-07-11 09:34:19",启用,H1422506,通色,1,度数,1,"H14225	","H14225	",52°500ml黄鹤楼酒一楼升级版,"通色	","1	","度数	","1	",1.00,6,6.00
H1600502,53°900ml黄鹤楼酒大清香900,"2018-07-11 09:34:19",启用,H1600502,通色,1,度数,1,"H16005	","H16005	",53°900ml黄鹤楼酒大清香900,"通色	","1	","度数	","1	",1.00,2,2.00
H1600504,53°900ml黄鹤楼酒大清香900,"2018-07-11 09:34:19",启用,H1600504,通色,1,度数,1,"H16005	","H16005	",53°900ml黄鹤楼酒大清香900,"通色	","1	","度数	","1	",1.00,4,4.00
H1808002,53度500ML清香型黄鹤楼酒经典H6,"2018-07-11 09:34:19",启用,H1808002,通色,1,度数,1,"H18080	","H18080	",53度500ML清香型黄鹤楼酒经典H6,"通色	","1	","度数	","1	",1.00,2,2.00
H1808006,53度500ML清香型黄鹤楼酒经典H6,"2018-07-11 09:34:19",启用,H1808006,通色,1,度数,1,"H18080	","H18080	",53度500ML清香型黄鹤楼酒经典H6,"通色	","1	","度数	","1	",1.00,6,6.00
H1807902,53度500ML清香型黄鹤楼酒经典H9,"2018-07-11 09:34:19",启用,H1807902,通色,1,度数,1,"H18079	","H18079	",53度500ML清香型黄鹤楼酒经典H9,"通色	","1	","度数	","1	",1.00,2,2.00
H1807906,53度500ML清香型黄鹤楼酒经典H9,"2018-07-11 09:34:19",启用,H1807906,通色,1,度数,1,"H18079	","H18079	",53度500ML清香型黄鹤楼酒经典H9,"通色	","1	","度数	","1	",1.00,6,6.00
H1400706,52度500ML黄鹤楼酒五楼,"2018-07-11 09:34:19",启用,H1400706,通色,1,度数,1,"H14007	","H14007	",52度500ML黄鹤楼酒五楼,"通色	","1	","度数	","1	",1.00,6,6.00
H1400702,52度500ML黄鹤楼酒五楼,"2018-07-11 09:34:19",启用,H1400702,通色,1,度数,1,"H14007	","H14007	",52度500ML黄鹤楼酒五楼,"通色	","1	","度数	","1	",1.00,2,2.00
H1101401H1401301,42°500ml兼香黄鹤楼6生态原浆酒,"2018-07-11 09:34:19",启用,H1101401H1401301,通色,1,度数,1,"H11014	","H11014	",42°500ml兼香黄鹤楼6生态原浆酒,"通色	","1	","度数	","1	",79.00,1,208.00
H1101401H1401301,42°500ml兼香黄鹤楼6生态原浆酒,"2018-07-11 09:34:19",启用,H1101401H1401301,通色,1,度数,1,"H14013	","H14013	",52度500ML黄鹤楼酒一楼,"通色	","1	","度数	","1	",129.00,1,208.00
H1502606,42度500ML小黄鹤楼135酒,"2018-07-11 09:34:19",启用,H1502606,通色,1,度数,1,"H15026	","H15026	",42度500ML小黄鹤楼135酒,"通色	","1	","度数	","1	",1.00,6,6.00
H1101401H1101201,42°500ml兼香黄鹤楼6生态原浆酒,"2018-07-11 09:34:19",启用,H1101401H1101201,通色,1,度数,1,"H11014	","H11014	",42°500ml兼香黄鹤楼6生态原浆酒,"通色	","1	","度数	","1	",1.00,1,2.00
H1101401H1101201,42°500ml兼香黄鹤楼6生态原浆酒,"2018-07-11 09:34:19",启用,H1101401H1101201,通色,1,度数,1,"H11012	","H11012	",42°500ml兼香黄鹤楼12生态原浆酒,"通色	","1	","度数	","1	",1.00,1,2.00
H1101401H1406901,42°500ml兼香黄鹤楼6生态原浆酒,"2018-07-11 09:34:19",启用,H1101401H1406901,通色,1,度数,1,"H11014	","H11014	",42°500ml兼香黄鹤楼6生态原浆酒,"通色	","1	","度数	","1	",58.00,1,58.00
H1412006,42°500ml黄鹤楼秘酿叁号酒,"2018-07-11 09:34:19",启用,H1412006,通色,1,度数,1,"H14120	","H14120	",42°500ml黄鹤楼秘酿叁号酒,"通色	","1	","度数	","1	",1.00,6,6.00
H1412002,42°500ml黄鹤楼秘酿叁号酒,"2018-07-11 09:34:19",启用,H1412002,通色,1,度数,1,"H14120	","H14120	",42°500ml黄鹤楼秘酿叁号酒,"通色	","1	","度数	","1	",1.00,2,2.00
H1201006,42°500ml黄鹤楼陈香1989,"2018-07-11 09:34:19",启用,H1201006,通色,1,度数,1,"H12010	","H12010	",42°500ml黄鹤楼陈香1989,"通色	","1	","度数	","1	",1.00,6,6.00
H1201002,42°500ml黄鹤楼陈香1989,"2018-07-11 09:34:19",启用,H1201002,通色,1,度数,1,"H12010	","H12010	",42°500ml黄鹤楼陈香1989,"通色	","1	","度数	","1	",1.00,2,2.00
H1200906,42°500ml黄鹤楼陈香1979,"2018-07-11 09:34:19",启用,H1200906,通色,1,度数,1,"H12009	","H12009	",42°500ml黄鹤楼陈香1979,"通色	","1	","度数	","1	",1.00,6,6.00
H1200902,42°500ml黄鹤楼陈香1979,"2018-07-11 09:34:19",启用,H1200902,通色,1,度数,1,"H12009	","H12009	",42°500ml黄鹤楼陈香1979,"通色	","1	","度数	","1	",1.00,2,2.00
H1101306,42°500ml兼香黄鹤楼15生态原浆酒,"2018-07-11 09:34:19",启用,H1101306,通色,1,度数,1,"H11013	","H11013	",42°500ml兼香黄鹤楼15生态原浆酒,"通色	","1	","度数	","1	",1.00,6,6.00
H1101302,42°500ml兼香黄鹤楼15生态原浆酒,"2018-07-11 09:34:19",启用,H1101302,通色,1,度数,1,"H11013	","H11013	",42°500ml兼香黄鹤楼15生态原浆酒,"通色	","1	","度数	","1	",1.00,2,2.00
H1101206,42°500ml兼香黄鹤楼12生态原浆酒,"2018-07-11 09:34:19",启用,H1101206,通色,1,度数,1,"H11012	","H11012	",42°500ml兼香黄鹤楼12生态原浆酒,"通色	","1	","度数	","1	",1.00,6,6.00
H1101202,42°500ml兼香黄鹤楼12生态原浆酒,"2018-07-11 09:34:19",启用,H1101202,通色,1,度数,1,"H11012	","H11012	",42°500ml兼香黄鹤楼12生态原浆酒,"通色	","1	","度数	","1	",1.00,2,2.00
H1101406,42°500ml兼香黄鹤楼6生态原浆酒,"2018-07-11 09:34:19",启用,H1101406,通色,1,度数,1,"H11014	","H11014	",42°500ml兼香黄鹤楼6生态原浆酒,"通色	","1	","度数	","1	",1.00,6,6.00
H1101402,42°500ml兼香黄鹤楼6生态原浆酒,"2018-07-11 09:34:19",启用,H1101402,通色,1,度数,1,"H11014	","H11014	",42°500ml兼香黄鹤楼6生态原浆酒,"通色	","1	","度数	","1	",1.00,2,2.00
